i,252
you,239
the,134
to,131
a,113
it,81
and,80
oh,68
no,65
im,56
that,56
okay,55
have,54
know,54
do,52
what,52
is,51
we,51
well,49
this,49
so,48
of,48
just,48
not,47
its,43
in,42
yeah,42
was,39
my,38
gonna,38
all,35
with,35
right,33
for,33
about,33
thats,32
me,32
dont,30
on,29
but,29
were,28
be,28
hey,27
are,27
your,26
if,25
mike,25
like,24
youre,23
mean,23
go,22
can,22
think,22
phoebe,22
get,21
want,21
cant,21
really,21
see,20
did,20
say,19
out,19
god,19
at,18
why,18
who,18
ross,17
sorry,17
good,17
there,16
time,16
look,16
david,16
how,16
him,16
going,15
up,15
now,15
could,15
speech,14
will,14
here,14
as,14
she,14
joey,13
much,13
because,13
he,13
too,13
from,13
when,13
great,13
got,13
ive,12
guys,12
love,12
didnt,12
then,12
had,11
by,11
thank,11
should,11
make,11
big,11
they,11
said,11
way,10
some,10
been,10
lets,10
sure,10
or,10
her,10
ill,10
yes,10
little,9
thing,9
uh,9
someone,9
these,8
would,8
play,8
chandler,8
monica,8
gone,8
advice,8
one,8
tell,8
into,7
anything,7
us,7
happens,7
never,7
very,7
um,7
our,7
theres,7
away,7
wouldnt,7
propose,7
more,7
talk,7
come,7
thought,7
happen,7
talking,7
bad,7
take,7
feel,7
shes,7
first,7
an,6
whats,6
his,6
kind,6
later,6
honey,6
room,6
guy,6
night,6
any,6
enough,6
youve,6
actually,6
last,6
trip,5
over,5
hear,5
give,5
them,5
hes,5
better,5
tomorrow,5
charlie,5
pool,5
believe,5
am,5
id,5
help,5
something,5
having,5
fun,5
again,5
read,5
open,5
point,5
day,5
dinner,5
deal,5
people,5
wrong,5
end,5
tonight,5
computer,5
mesozoic,5
rain,5
back,5
call,5
knew,5
best,5
rach,5
homo,5
erectus,5
wins,5
ready,4
conference,4
barbados,4
stuff,4
probably,4
few,4
joe,4
wow,4
dr,4
geller,4
such,4
certainly,4
huh,4
down,4
keep,4
thinking,4
crazy,4
together,4
feelings,4
phoebes,4
still,4
pretty,4
married,4
marriage,4
doing,4
thong,4
itll,4
man,4
davids,4
beat,4
hard,4
long,4
hair,4
isnt,4
after,4
marry,4
else,4
era,4
even,4
put,4
damn,4
ask,4
hi,4
home,4
ever,4
question,4
missed,4
reason,4
off,4
please,4
heads,4
game,4
curious,4
ooh,3
minsk,3
years,3
gets,3
hell,3
place,3
career,3
keynote,3
dear,3
sarah,3
own,3
tv,3
same,3
doesnt,3
guess,3
girl,3
stop,3
wish,3
already,3
broke,3
wont,3
saw,3
maybe,3
yourself,3
hit,3
told,3
supposed,3
nobody,3
anybody,3
humidity,3
ring,3
nice,3
hope,3
fine,3
need,3
girls,3
real,3
bring,3
st,3
century,3
arent,3
may,3
won,3
stand,3
happened,3
far,3
friend,3
listen,3
wants,3
while,3
meddle,3
stupid,3
most,3
amazing,3
gay,3
turned,3
always,3
went,3
idea,3
course,3
woman,3
apart,3
before,3
realized,3
lost,3
remember,3
which,3
their,3
kidding,3
thanks,3
find,3
pingpong,3
felt,3
lot,3
bit,3
serve,3
two,3
month,3
head,3
shaking,3
today,2
means,2
coming,2
able,2
lectures,2
seminars,2
excited,2
rest,2
scientist,2
blanket,2
invisibility,2
beautiful,2
paleontologists,2
huge,2
wait,2
dig,2
professor,2
show,2
called,2
days,2
lives,2
boy,2
trying,2
explain,2
has,2
things,2
share,2
mikes,2
past,2
richard,2
least,2
took,2
hung,2
let,2
where,2
seriously,2
forget,2
break,2
penis,2
wedding,2
welcome,2
glad,2
wear,2
ha,2
downstairs,2
britney,2
spears,2
kenneth,2
schwartz,2
romantic,2
weird,2
beach,2
outside,2
swim,2
wasnt,2
interesting,2
barely,2
couldnt,2
made,2
only,2
alone,2
everything,2
check,2
being,2
quite,2
might,2
fantastic,2
every,2
scans,2
chocolates,2
yet,2
email,2
season,2
teapot,2
must,2
virus,2
nude,2
pictures,2
anna,2
kournikova,2
copy,2
yep,2
usually,2
work,2
use,2
star,2
heard,2
worry,2
needs,2
rachel,2
start,2
carbon,2
dating,2
clearly,2
moment,2
hello,2
chance,2
neither,2
hotel,2
happy,2
meddler,2
hadnt,2
meddled,2
myself,2
matter,2
vacation,2
mm,2
convention,2
pharmacists,2
kate,2
miller,2
weekend,2
cute,2
picture,2
son,2
kid,2
than,2
once,2
wife,2
year,2
along,2
try,2
old,2
blushing,2
getting,2
easy,2
understand,2
care,2
thatd,2
life,2
stops,2
incredible,2
needed,2
future,2
drapes,2
new,2
species,2
herbivores,2
carnivores,2
jarvis,2
face,2
words,2
raining,2
sea,2
turtle,2
group,2
working,2
both,2
each,2
four,2
playing,2
goes,2
quarter,2
tails,2
uses,2
hand,2
weather,2
nothing,2
common,2
true,2
telling,2
thoughts,2
dial,2
george,2
attractive,2
done,2
ball,2
chump,2
comebacks,2
another,2
started,2
throw,2
sickness,2
important,2
packed,1
daddy,1
uncle,1
uhhuh,1
gotta,1
surprise,1
pull,1
strings,1
everyone,1
passes,1
entire,1
babies,1
paleontology,1
island,1
davidll,1
eight,1
direct,1
sunlight,1
die,1
wed,1
fivehour,1
flight,1
couple,1
drinks,1
under,1
comes,1
natural,1
cloak,1
pasty,1
folks,1
recognized,1
fan,1
following,1
flattering,1
autograph,1
introduce,1
colleague,1
wheeler,1
tribbiani,1
paleontologist,1
actor,1
recognize,1
dude,1
drake,1
ramoray,1
furniture,1
pointed,1
plane,1
stays,1
air,1
combination,1
bernoullis,1
principle,1
newtons,1
third,1
law,1
motion,1
wind,1
pick,1
cab,1
airport,1
meet,1
whos,1
exboyfriend,1
totally,1
forgotten,1
blast,1
honest,1
mistake,1
refers,1
does,1
miss,1
calls,1
exboyfriends,1
name,1
giving,1
pizza,1
toppings,1
burning,1
sensation,1
pee,1
youd,1
brilliant,1
goodbye,1
fella,1
invite,1
sincerely,1
pretending,1
wheres,1
meant,1
thongs,1
clear,1
misses,1
conferences,1
kenny,1
hang,1
promised,1
balcony,1
plans,1
tons,1
swimming,1
looked,1
indoor,1
hole,1
hint,1
sensing,1
wordplay,1
pink,1
controlled,1
glee,1
ways,1
wanted,1
talked,1
inappropriate,1
joke,1
theyve,1
weeks,1
completely,1
shell,1
heart,1
broken,1
recover,1
upsidedown,1
rains,1
watches,1
famous,1
alarm,1
monicas,1
twice,1
landed,1
places,1
high,1
extra,1
body,1
honeymoon,1
photos,1
diana,1
kingsize,1
bed,1
heartshaped,1
mirrors,1
ceiling,1
next,1
theirs,1
lucky,1
lusting,1
proposing,1
engagement,1
diamond,1
failed,1
pay,1
oneseventieth,1
carat,1
clarity,1
poor,1
second,1
handle,1
leaving,1
supremes,1
husband,1
gave,1
boyfriend,1
serious,1
gag,1
handcuff,1
force,1
aisle,1
dream,1
marrying,1
answer,1
bottom,1
line,1
roseanne,1
roseannadanna,1
using,1
ct,1
imaging,1
youll,1
constantly,1
interrupted,1
checking,1
pillow,1
signed,1
dino,1
week,1
monsoon,1
wet,1
june,1
december,1
outbid,1
secret,1
everythings,1
erased,1
drive,1
sent,1
opened,1
printed,1
mad,1
complain,1
ruin,1
awful,1
major,1
tournament,1
tried,1
billie,1
jean,1
king,1
imgonnakillyou,1
kissing,1
tetris,1
somebody,1
elses,1
happening,1
front,1
memorized,1
auditions,1
monologue,1
wars,1
solve,1
recreate,1
weve,1
stay,1
discussing,1
shortcomings,1
move,1
defining,1
breakup,1
pangaea,1
overview,1
triassic,1
galaxy,1
loves,1
ineverwannagetmarried,1
step,1
through,1
damned,1
paradise,1
curly,1
aw,1
unmeddle,1
sucks,1
bored,1
brought,1
books,1
hasnt,1
mind,1
sir,1
pharmaceutical,1
frank,1
madaio,1
eva,1
sex,1
case,1
bringing,1
remembered,1
shockingly,1
pyramid,1
bath,1
products,1
necklace,1
celebrate,1
champagne,1
save,1
cork,1
fill,1
bottle,1
water,1
charge,1
emma,1
whose,1
ben,1
whyd,1
complicated,1
cool,1
odd,1
engaged,1
highfive,1
signs,1
fianc√©,1
weekends,1
tennis,1
partner,1
workout,1
gym,1
fitter,1
everybodys,1
leave,1
note,1
dropped,1
wifes,1
situation,1
float,1
threesome,1
lady,1
pills,1
world,1
single,1
breasts,1
sunburned,1
anythings,1
left,1
message,1
grab,1
bite,1
finish,1
shall,1
cannot,1
watch,1
honored,1
spit,1
spent,1
unbearable,1
sanitation,1
strikes,1
monic,1
seat,1
fair,1
months,1
spending,1
steps,1
toes,1
met,1
lose,1
brag,1
haha,1
proposal,1
headed,1
somewhere,1
asked,1
wouldve,1
perhaps,1
worked,1
ruined,1
toe,1
frostbite,1
hug,1
meddling,1
quiet,1
lie,1
adjoining,1
rooms,1
sun,1
corneas,1
reserve,1
chairs,1
magazines,1
lotion,1
ladies,1
minutes,1
walls,1
thin,1
weigh,1
data,1
recent,1
mri,1
dna,1
testing,1
information,1
gathered,1
sitting,1
tan,1
leathery,1
wrinkled,1
jealous,1
finally,1
factor,1
profusion,1
recently,1
discovered,1
giganotosaurus,1
argentinosaurus,1
mention,1
coldsaurus,1
discuss,1
ironic,1
considering,1
stunted,1
cerebral,1
development,1
aside,1
ergaster,1
separate,1
vast,1
differences,1
between,1
fossils,1
example,1
wonderful,1
oberblau,1
cornell,1
ideas,1
forth,1
young,1
holding,1
hands,1
alrighty,1
funny,1
excuse,1
blew,1
crowd,1
mouthing,1
rock,1
groupie,1
naked,1
unfair,1
bright,1
side,1
shirts,1
competitive,1
others,1
disagree,1
lying,1
played,1
punched,1
clunked,1
soon,1
snorkeling,1
blow,1
bubbles,1
chases,1
running,1
discussion,1
afternoon,1
catches,1
havent,1
seen,1
whole,1
especially,1
stuck,1
other,1
score,1
losers,1
super,1
scar,1
pictionary,1
volley,1
ho,1
awesome,1
soft,1
ten,1
bucks,1
thousand,1
flip,1
either,1
focus,1
trash,1
chances,1
hah,1
standard,1
rules,1
player,1
nonracketbearing,1
touch,1
surface,1
forfeits,1
lawyer,1
east,1
coast,1
york,1
sunny,1
bitch,1
those,1
smart,1
dull,1
hells,1
problem,1
waitress,1
heres,1
lately,1
musings,1
theyre,1
sometimes,1
shoot,1
monkey,1
yellow,1
hat,1
paper,1
route,1
times,1
since,1
shouldnt,1
table,1
knock,1
dog,1
sleep,1
cocky,1
losing,1
mirror,1
okeydokey,1
everybody,1
winner,1
three,1
fight,1
crime,1
evil,1
saying,1
cabin,1
adirondacks,1
city,1
nifty,1
plate,1
country,1
strange,1
nancy,1
minute,1
different,1
during,1
kept,1
laughing,1
anyway,1
realize,1
speaker,1
klarik,1
middle,1
conversation,1
gentlemen,1
scientists,1
academics,1
importantly,1
catch,1
tied,1
points,1
also,1
hour,1
ago,1
blistered,1
inexplicable,1
proven,1
reservation,1
upstairs,1
order,1
service,1
shower,1
shave,1
walk,1
hours,1
agreed,1
health,1
obsessive,1
cleaning,1
sense,1
ow,1
shake,1
forfeit,1
taking,1
paddle,1
mister,1
win,1
badly,1
suck,1
sweetheart,1
sudden,1
death,1
whoever,1
watching,1
porn,1
hold,1
almost,1
forgot,1
loser,1
sucking,1
sucked,1
enter,1
doubles,1
tournaments,1
looking,1
bartender,1
split,1
search,1
parties,1
coolest,1
earlier,1
starting,1
