you,2368
i,2031
the,1284
a,1087
to,890
and,827
it,750
oh,730
no,648
know,641
that,626
what,623
im,613
is,565
this,557
me,555
okay,536
my,492
in,489
of,485
just,482
its,464
so,459
we,424
all,419
on,414
with,400
do,394
dont,392
not,389
was,387
be,377
right,371
yeah,363
have,359
for,336
like,328
your,320
well,306
are,304
uh,298
hey,282
but,269
youre,266
here,258
thats,241
out,233
he,227
go,223
ross,220
about,220
gonna,214
were,213
see,210
get,207
come,205
her,204
think,200
got,194
there,193
how,193
can,189
if,187
she,184
really,179
up,177
at,176
look,172
one,171
hi,169
now,169
did,166
hes,157
rachel,155
um,155
want,154
monica,153
mean,153
god,151
when,143
him,142
guys,142
why,139
sorry,138
they,132
good,131
who,128
joey,126
yes,125
guy,120
cant,120
going,117
because,117
chandler,116
great,116
had,113
little,113
then,112
ha,112
could,111
would,111
shes,110
tell,109
say,106
thing,106
an,104
phoebe,101
back,99
ill,96
been,95
doing,94
something,93
or,89
some,87
his,87
theres,86
fine,86
over,86
them,84
way,82
will,82
ive,81
time,80
am,78
whats,78
from,78
thanks,77
love,77
never,76
kind,76
wait,75
big,75
marcel,72
where,69
even,68
man,68
didnt,67
sure,67
thank,65
take,65
believe,65
too,65
wanna,64
us,64
nice,64
hello,63
should,63
more,63
maybe,63
day,63
still,63
first,63
please,62
feel,61
said,61
woman,61
make,61
much,60
listen,60
nothing,59
gotta,59
as,59
people,58
again,58
by,58
any,58
does,57
night,57
give,57
thought,57
need,56
ooh,55
heh,55
theyre,55
let,54
having,53
things,52
off,52
has,52
other,52
huh,52
call,52
baby,52
down,51
carol,50
only,50
mom,50
work,49
two,49
very,49
these,48
lets,48
last,47
stop,45
ever,45
pheebs,44
whoa,44
actually,43
id,43
phone,42
always,42
wow,42
doesnt,42
our,42
ahem,42
excuse,42
someone,41
those,41
talk,41
new,41
stuff,40
thinking,40
monkey,40
help,39
susan,39
friend,39
than,38
life,38
better,38
door,37
being,37
which,36
left,36
wasnt,36
told,36
anything,36
isnt,36
years,36
ow,36
everybody,35
getting,35
put,35
fun,35
both,35
happy,34
remember,34
before,34
looking,34
went,33
tonight,33
talking,33
boy,33
whole,33
three,33
barry,32
whos,32
miss,32
play,32
janice,32
might,31
else,31
everything,31
pretty,31
funny,31
around,30
together,30
wrong,29
hell,29
into,29
hear,29
wanted,29
stupid,29
cute,29
through,28
date,28
keep,28
mr,28
guess,28
happened,28
job,28
friends,28
group,28
ah,28
sex,27
looks,27
speaking,27
saying,27
break,27
youll,27
paolo,27
dad,27
ben,27
lot,26
rach,26
long,26
part,26
tomorrow,26
mindy,26
place,26
havent,25
chuckles,25
hate,25
youd,25
bad,25
start,25
another,24
room,24
head,24
try,24
supposed,24
ask,24
home,24
after,24
playing,24
youve,24
most,24
laughing,24
coming,24
coffee,23
anyway,23
wouldnt,23
name,23
idea,23
done,23
since,23
made,23
yet,23
father,23
find,23
women,23
already,23
every,23
wont,23
may,23
second,23
happen,23
naked,22
everyone,22
stay,22
money,22
away,22
enough,22
seen,22
hard,22
kiss,22
forget,22
dr,22
uhhuh,22
cool,22
live,21
paul,21
hows,21
wants,21
deal,21
use,21
laughs,21
somebody,21
totally,20
weird,20
today,20
course,20
found,20
parents,20
change,20
late,20
care,20
weve,19
singing,19
such,19
five,19
heres,19
morning,19
hmm,19
meet,19
open,19
green,19
called,19
dinner,18
mother,18
myself,18
leave,18
table,18
anybody,18
trying,18
bring,18
their,18
game,18
couldnt,18
gone,18
clears,18
throat,18
kitty,18
relax,17
high,17
dream,17
says,17
wish,17
year,17
amazing,17
ready,17
keys,17
problem,17
girl,17
telling,17
aunt,17
saw,17
alan,17
pick,17
poker,17
school,16
alone,16
knew,16
lesbian,16
married,16
four,16
probably,16
asked,16
question,16
once,16
matter,16
anyone,16
mine,16
honey,16
party,16
bob,16
bye,16
working,16
ugh,16
italian,16
hair,15
sweet,15
hit,15
shoe,15
best,15
taking,15
sound,15
wine,15
times,15
mm,15
without,15
geller,15
knows,15
calling,15
old,15
means,15
hand,15
each,15
birthday,15
face,15
anymore,15
different,15
ethan,15
thanksgiving,15
person,14
push,14
breathe,14
moment,14
knocking,14
machine,14
while,14
show,14
dead,14
beautiful,14
easy,14
lost,14
hours,14
kid,14
gets,14
end,14
shot,14
same,14
took,14
check,14
point,14
turn,14
couple,14
perfect,14
met,14
next,14
shh,14
aw,14
eat,13
hope,13
waiting,13
city,13
real,13
watch,13
bing,13
later,13
shut,13
came,13
word,13
mmhm,13
helen,13
knock,13
unbelievable,13
minutes,13
shoes,13
hold,13
fact,13
until,13
hot,13
wouldve,13
aah,13
sounds,12
ring,12
sighs,12
started,12
la,12
minute,12
sit,12
week,12
making,12
world,12
kids,12
unless,12
ones,12
bed,12
card,12
exactly,12
ugly,12
makes,12
mon,12
itll,12
gum,12
seven,12
used,12
story,12
lose,12
movie,12
jill,12
class,12
minsk,12
kill,11
ew,11
shell,11
looked,11
tv,11
intercom,11
cut,11
kidding,11
comes,11
heart,11
spent,11
shoot,11
raise,11
hurt,11
talked,11
seeing,11
eyes,11
voice,11
true,11
arent,11
mind,11
goes,11
butt,11
animal,11
laundry,11
dance,11
apartment,11
half,11
throw,11
yelling,11
roger,11
small,10
sometimes,10
dollars,10
building,10
wondering,10
spanish,10
wearing,10
dear,10
cannot,10
carols,10
broke,10
line,10
howd,10
pay,10
living,10
understand,10
important,10
seem,10
close,10
pregnant,10
gave,10
food,10
read,10
lights,10
either,10
promise,10
joeys,10
hockey,10
uhoh,10
number,10
max,10
foot,10
many,10
run,10
except,10
music,10
business,10
bathroom,10
six,10
sister,10
cat,10
crazy,10
bobby,10
book,10
shouldnt,10
ma,10
egg,10
realize,9
sweetie,9
feeling,9
answer,9
daddy,9
across,9
catch,9
breaking,9
ice,9
loved,9
luck,9
credit,9
men,9
figured,9
serious,9
sitting,9
family,9
wheres,9
ball,9
restaurant,9
least,9
news,9
must,9
waitress,9
stuck,9
special,9
ago,9
drink,9
free,9
brought,9
also,9
pass,9
eight,9
birds,9
rings,9
groans,9
street,9
definitely,9
hour,9
sleeping,9
standing,9
breasts,9
move,9
young,9
third,9
picture,9
order,9
damn,9
nope,9
vestibule,9
zoo,9
goodbye,9
byebye,9
died,9
beeping,9
brian,9
shoop,9
joe,9
hospital,9
nina,9
doctors,9
message,9
single,8
bought,8
hat,8
buy,8
trouble,8
seconds,8
side,8
bunch,8
leg,8
welcome,8
sleep,8
own,8
floor,8
absolutely,8
though,8
basically,8
yourself,8
days,8
involved,8
chance,8
pee,8
dumped,8
giving,8
theyll,8
figure,8
heard,8
yep,8
shouting,8
months,8
jack,8
song,8
likes,8
laugh,8
drop,8
whatever,8
red,8
seems,8
smart,8
huge,8
dirty,8
grow,8
heads,8
al,8
water,8
goodacre,8
tribbiani,8
owe,8
paolos,8
quality,8
rome,8
doctor,8
almost,8
along,8
potatoes,8
books,8
plane,8
walk,8
cab,8
ronni,8
win,8
ursula,8
luisa,8
san,8
brother,7
wedding,7
familiar,7
invited,7
marry,7
calm,7
control,7
caught,7
able,7
slept,7
sort,7
monicas,7
girls,7
child,7
speak,7
broken,7
wed,7
spend,7
dating,7
excellent,7
extra,7
itd,7
sexy,7
terrible,7
liked,7
buddy,7
smile,7
stick,7
rest,7
wear,7
boyfriend,7
partner,7
ass,7
cookies,7
everythings,7
cheese,7
walking,7
sick,7
lady,7
girlfriend,7
save,7
clothes,7
ladies,7
mimics,7
moms,7
meant,7
present,7
behind,7
nana,7
choice,7
sir,7
inside,7
pact,7
gosh,7
airport,7
midnight,7
weekend,7
son,7
cards,7
office,7
wenus,7
stalin,7
jordy,7
car,6
carl,6
sudden,6
million,6
boat,6
turned,6
hoping,6
buzzes,6
finally,6
aruba,6
using,6
idiot,6
clean,6
glad,6
difference,6
congratulations,6
david,6
outside,6
plays,6
major,6
hearing,6
kissing,6
opening,6
ticket,6
issues,6
note,6
apparently,6
born,6
entire,6
mad,6
lasagna,6
boys,6
share,6
yours,6
clear,6
eye,6
language,6
blow,6
send,6
smoke,6
steve,6
normal,6
happening,6
buffay,6
team,6
body,6
stand,6
bigger,6
forever,6
chuckle,6
reason,6
less,6
chattering,6
window,6
worked,6
milk,6
swear,6
couldve,6
emergency,6
cry,6
george,6
bitch,6
yells,6
indistinctly,6
nobody,6
dress,6
top,6
tough,6
worry,6
chicken,6
feels,6
fat,6
rick,6
tried,6
wonder,6
atm,6
roommate,6
typical,6
mrs,6
needs,6
store,6
kissed,6
flight,6
hands,6
woohoo,6
nora,6
drunk,6
danielle,6
massage,6
suck,6
pig,6
boobies,6
valentines,6
needy,6
wendy,6
remote,6
rossy,6
heckles,6
ringing,6
diego,6
beeper,6
franzblau,6
piece,5
middle,5
instead,5
starts,5
calls,5
mouth,5
cleansing,5
realized,5
pants,5
hall,5
rule,5
horrible,5
although,5
hang,5
finished,5
known,5
case,5
walked,5
fifth,5
husband,5
roll,5
numbers,5
actor,5
boots,5
ended,5
cup,5
otherwise,5
smell,5
age,5
engagement,5
touch,5
front,5
ruined,5
named,5
twins,5
complicated,5
fall,5
neither,5
quack,5
farber,5
grandmother,5
lives,5
maid,5
quite,5
finger,5
willick,5
lie,5
dog,5
thumb,5
ridiculous,5
black,5
mumbling,5
worth,5
mail,5
kept,5
shopping,5
enjoy,5
football,5
gift,5
lived,5
against,5
won,5
possible,5
tiny,5
ordered,5
worried,5
underwear,5
decided,5
fair,5
park,5
omnipotent,5
relationship,5
exciting,5
gasps,5
shriek,5
stops,5
phoebes,5
magic,5
plan,5
completely,5
pizza,5
towel,5
white,5
puck,5
played,5
shed,5
angela,5
obviously,5
favor,5
short,5
awful,5
suds,5
suddenly,5
lucky,5
sing,5
upset,5
worst,5
passion,5
till,5
imagine,5
shower,5
bit,5
lips,5
chandlers,5
candles,5
dutch,5
children,5
soon,5
surprise,5
moving,5
perfection,5
speaks,5
ten,5
under,5
cover,5
passed,5
happens,5
thinks,5
services,5
set,5
sweetheart,5
frightening,5
score,5
lumps,5
meeting,5
remembered,5
sobbing,5
delicious,5
dark,5
christmas,5
monkeys,5
information,5
dates,5
threw,5
shouts,5
bet,5
fire,5
nipples,5
forgot,5
unison,5
bottle,5
insane,5
few,5
kristen,5
science,5
fireman,5
deep,5
celia,5
mentioned,5
bone,5
cats,5
stole,5
gasping,5
fault,5
boarding,5
humping,5
joseph,5
monana,5
china,5
turns,4
grabbed,4
cookie,4
loud,4
angry,4
gorgeous,4
apart,4
issue,4
guessing,4
stopped,4
purse,4
hed,4
staying,4
honeymoon,4
eh,4
helping,4
furniture,4
legs,4
brothers,4
mess,4
socks,4
lots,4
grab,4
spoon,4
noodles,4
mostly,4
tony,4
sophisticated,4
dogs,4
killed,4
himself,4
closes,4
split,4
become,4
opens,4
act,4
comedian,4
gee,4
exwife,4
far,4
harder,4
kitchen,4
comfortable,4
heat,4
ran,4
altar,4
museum,4
folks,4
between,4
terrific,4
situation,4
jason,4
month,4
werent,4
names,4
farm,4
honest,4
complete,4
distance,4
tip,4
tea,4
account,4
step,4
smoking,4
quit,4
todays,4
picking,4
accept,4
future,4
unfair,4
cow,4
sock,4
alive,4
queen,4
dads,4
write,4
flowers,4
reference,4
weeks,4
speakers,4
beans,4
power,4
mumbles,4
mistake,4
vegetarian,4
grunts,4
reach,4
blows,4
saturday,4
sings,4
join,4
asking,4
basket,4
total,4
whites,4
falling,4
fathers,4
cart,4
rules,4
ourselves,4
needed,4
sense,4
league,4
evening,4
seat,4
bill,4
cold,4
invite,4
lunch,4
leaving,4
finish,4
fired,4
early,4
blackout,4
senior,4
college,4
york,4
theme,4
thatll,4
waited,4
zone,4
during,4
buttons,4
choking,4
becoming,4
nine,4
quick,4
mothers,4
career,4
nurse,4
twice,4
gay,4
lowell,4
burgundy,4
watching,4
vail,4
healthy,4
turkey,4
bucks,4
holiday,4
aramis,4
form,4
certain,4
picked,4
shall,4
inaudible,4
dialogue,4
pressure,4
taught,4
blond,4
whistle,4
busy,4
showing,4
sisters,4
birth,4
crap,4
running,4
uncle,4
past,4
toes,4
ho,4
groaning,4
kicked,4
telescope,4
pictures,4
hotel,4
starting,4
shop,4
crying,4
personal,4
foreign,4
pin,4
chef,4
bears,4
noises,4
alrighty,4
gotcha,4
drinks,4
insurance,4
betty,4
k,4
apple,4
chips,4
lying,4
amish,4
russian,4
allowed,4
patty,4
bernice,4
chair,4
celtics,4
moved,3
unh,3
pain,3
wet,3
gravy,3
low,3
potato,3
stairs,3
decision,3
thatd,3
worm,3
favorite,3
stereo,3
screwed,3
shouldve,3
scary,3
cream,3
rocky,3
nuts,3
whipped,3
hungry,3
joanie,3
billy,3
hero,3
feelings,3
pays,3
prison,3
sucks,3
couch,3
sometime,3
serving,3
pink,3
fighting,3
awake,3
club,3
whose,3
scoffs,3
pillow,3
cruel,3
straight,3
taste,3
cooking,3
unbelievably,3
planning,3
bringing,3
independent,3
satisfied,3
stories,3
worse,3
nervous,3
babys,3
minnie,3
agreed,3
punches,3
honor,3
orthodontist,3
sperm,3
nose,3
subway,3
die,3
sent,3
cell,3
holding,3
cappuccino,3
latte,3
bank,3
gross,3
putting,3
monday,3
lisping,3
weak,3
notice,3
crooked,3
boyfriends,3
parties,3
bugs,3
cartoon,3
showed,3
soup,3
annoying,3
disease,3
bottom,3
pop,3
central,3
boobs,3
pal,3
lover,3
wild,3
subject,3
peach,3
womans,3
waitressing,3
chocolate,3
plastic,3
woke,3
full,3
village,3
fill,3
wake,3
stephanopoulos,3
given,3
blue,3
house,3
pa,3
draw,3
incredible,3
coma,3
grade,3
judge,3
yell,3
plans,3
wonderful,3
pie,3
mississippi,3
dryer,3
cousin,3
laying,3
breakup,3
bullwinkle,3
match,3
brooklyn,3
laundrys,3
light,3
tongue,3
proud,3
history,3
humming,3
gentlemen,3
pieces,3
spot,3
skin,3
aurora,3
sign,3
barely,3
divorced,3
hopefully,3
count,3
sexual,3
fan,3
responsible,3
kook,3
closer,3
agent,3
gotten,3
pacino,3
seriously,3
borrow,3
breakfast,3
moments,3
robe,3
losing,3
quiet,3
fingers,3
felt,3
expecting,3
crappy,3
whenever,3
trapped,3
tonights,3
lit,3
ride,3
trust,3
exwifes,3
poor,3
scared,3
sixes,3
english,3
keeps,3
mimicking,3
burn,3
minus,3
maniacally,3
toilet,3
restaurants,3
checked,3
debbie,3
buried,3
sea,3
define,3
nanas,3
earrings,3
air,3
accident,3
greatest,3
lovely,3
penis,3
advance,3
cook,3
hasnt,3
butter,3
turkeys,3
safe,3
tots,3
balloon,3
reached,3
square,3
roof,3
oven,3
faster,3
stomach,3
aside,3
nobodys,3
dancing,3
toast,3
ding,3
pathetic,3
clark,3
hannah,3
sixth,3
scientist,3
snapped,3
fight,3
phenomenal,3
longer,3
fella,3
expensive,3
hop,3
phase,3
nodate,3
grant,3
sandy,3
embarrassed,3
jerk,3
dip,3
arms,3
geek,3
ekg,3
arrested,3
occasionally,3
messages,3
code,3
spending,3
whoo,3
expect,3
silv,3
mommy,3
poconos,3
poke,3
blah,3
babies,3
tanya,3
kip,3
sec,3
staring,3
rog,3
level,3
sibling,3
weebles,3
gods,3
sake,3
creepy,3
coffeehouse,3
changed,3
coat,3
ritual,3
quarters,3
theater,3
experience,3
letters,3
beeps,3
explain,3
chan,3
cinnamon,3
processing,3
weekly,3
net,3
usage,3
shirt,3
yummy,3
bug,3
hehheh,3
salmon,3
fish,3
tests,3
peeing,3
judy,3
hundred,3
tartlets,3
characters,3
continues,3
whether,3
riffs,3
gym,3
michael,3
fits,3
knit,3
rather,3
thermos,3
theyve,3
ankle,3
cost,3
williamsburg,3
asleep,3
boss,3
peoples,3
rachels,3
relationships,3
bridge,3
lesson,3
bluffing,3
press,3
interview,3
camp,3
fold,3
cents,3
country,3
rice,3
nudity,3
pooped,3
waffle,3
da,3
per,3
se,3
peanut,3
engaged,3
afraid,3
aww,3
vet,3
blind,3
gate,3
circus,3
andre,3
gunpoint,3
moaning,3
icky,3
mouths,3
vent,3
pardon,3
melanie,3
fruit,3
horns,2
pulled,2
aura,2
hammer,2
decaf,2
lincoln,2
presents,2
n,2
freaked,2
pipe,2
cheer,2
everyones,2
roses,2
mittens,2
hitting,2
eyelashes,2
excited,2
brackety,2
beer,2
dentist,2
accidentally,2
unfortunately,2
road,2
dough,2
honestly,2
spell,2
er,2
perform,2
sexually,2
spit,2
jobs,2
wee,2
abuse,2
wooden,2
smiling,2
turtle,2
emotional,2
problems,2
feet,2
laughed,2
surprisingly,2
joan,2
percent,2
herself,2
cleaning,2
francis,2
crash,2
cracks,2
crush,2
older,2
standup,2
traffic,2
advice,2
listening,2
cave,2
company,2
misunderstanding,2
paper,2
wrote,2
fluffed,2
parent,2
scaring,2
chaotic,2
twirly,2
concerned,2
return,2
doy,2
fit,2
biggest,2
sonogram,2
lugwins,2
daughter,2
curry,2
spaghetti,2
selfish,2
chubby,2
cancer,2
twin,2
recently,2
dinosaur,2
shake,2
oberman,2
instance,2
marlon,2
mouse,2
julia,2
careful,2
taken,2
sticking,2
suggesting,2
wind,2
ways,2
attack,2
welling,2
works,2
cheap,2
ouch,2
milners,2
chichi,2
knowing,2
knowledge,2
dimon,2
cigarette,2
missing,2
stealing,2
pair,2
giant,2
coyotes,2
odds,2
slimmer,2
ms,2
attention,2
fantastic,2
bunny,2
base,2
lizzy,2
alphabet,2
y,2
soda,2
contest,2
knucklecracking,2
dump,2
respect,2
somebodys,2
pleasure,2
tart,2
thousand,2
stepped,2
nicer,2
pretending,2
holidays,2
therell,2
relieved,2
row,2
mention,2
games,2
hunger,2
public,2
scream,2
tickets,2
garden,2
decide,2
paycheck,2
dairy,2
tables,2
fica,2
service,2
kingdom,2
leetch,2
messier,2
womens,2
pit,2
dressed,2
bus,2
dumping,2
specials,2
blobbies,2
whirring,2
rum,2
magazines,2
twister,2
operate,2
visacard,2
unusual,2
activity,2
promoted,2
charge,2
downstairs,2
sticks,2
candy,2
bar,2
mushroom,2
onion,2
g,2
bonehead,2
intelligent,2
tie,2
center,2
shy,2
moonlight,2
glow,2
valentine,2
romantic,2
freak,2
attractive,2
admit,2
monopoly,2
bam,2
bra,2
sleeve,2
beyond,2
courage,2
mercedes,2
burns,2
coincidence,2
attracted,2
auditions,2
tile,2
shave,2
fuzzy,2
tall,2
horribly,2
shutting,2
rent,2
espresso,2
sucked,2
afternoon,2
squirrel,2
hug,2
shows,2
gentle,2
detergent,2
german,2
shirts,2
virgin,2
cycle,2
colors,2
delicates,2
noticed,2
pulling,2
fast,2
nibbling,2
underdog,2
broadway,2
disgusting,2
plate,2
lens,2
fear,2
freud,2
zany,2
piano,2
violated,2
bald,2
babbles,2
aware,2
whatd,2
usher,2
agency,2
based,2
none,2
suppose,2
thursday,2
responsibility,2
fantasy,2
tricky,2
concept,2
snoring,2
theory,2
forth,2
greeting,2
windows,2
ottoman,2
interesting,2
compare,2
stabbing,2
psycho,2
raggedy,2
doll,2
gal,2
glass,2
wood,2
double,2
pacinos,2
jokes,2
roommates,2
resentment,2
key,2
remind,2
brush,2
opportunity,2
action,2
andrew,2
following,2
device,2
star,2
acted,2
reckless,2
perk,2
blacked,2
sweater,2
grandma,2
focus,2
contact,2
pool,2
weirdest,2
library,2
eventually,2
mmmm,2
stutters,2
mayor,2
shushing,2
offers,2
surprised,2
peacock,2
owner,2
italy,2
touching,2
anywhere,2
bubbles,2
track,2
elses,2
classic,2
lip,2
technically,2
sad,2
crapweasel,2
whip,2
copy,2
codependent,2
shelly,2
flush,2
beeped,2
mints,2
screams,2
monitor,2
yellow,2
casket,2
retainer,2
pack,2
phew,2
financial,2
payroll,2
brians,2
shown,2
funeral,2
checking,2
spasm,2
missed,2
belt,2
andrea,2
whew,2
sports,2
ham,2
waste,2
truth,2
gang,2
twentyfive,2
possibility,2
tips,2
mashed,2
assume,2
reading,2
tomato,2
bag,2
vividly,2
pumpkin,2
difficult,2
macys,2
obsession,2
laughter,2
prefer,2
sauce,2
add,2
peas,2
onions,2
theyd,2
kinds,2
actual,2
character,2
loose,2
often,2
dare,2
walkin,2
funniest,2
math,2
burnt,2
hums,2
propose,2
lousy,2
bethel,2
suicide,2
snowman,2
desperate,2
drops,2
dick,2
woo,2
popular,2
crowd,2
cheering,2
freezing,2
agree,2
daryl,2
near,2
sweep,2
sweeping,2
earlier,2
elf,2
blast,2
watched,2
juggling,2
balledup,2
rems,2
shiny,2
nasally,2
exploded,2
blowing,2
eating,2
upon,2
hearts,2
lawyer,2
teaches,2
euphoria,2
bernies,2
page,2
mistress,2
pride,2
embarrassing,2
kung,2
pao,2
tour,2
glen,2
tequila,2
dozen,2
copies,2
kiddo,2
racquetball,2
grip,2
size,2
scum,2
regular,2
area,2
chapter,2
j,2
conversation,2
motherkisser,2
nightmare,2
heaving,2
beasts,2
usually,2
pens,2
uterus,2
yogurt,2
fling,2
nauseous,2
lmmigration,2
sends,2
meat,2
buzzer,2
schedule,2
thurman,2
feminist,2
insects,2
oatmealraisin,2
plates,2
cares,2
sink,2
butts,2
swoop,2
throwing,2
balcony,2
gesturing,2
stammering,2
hanging,2
takes,2
rock,2
adam,2
wife,2
appointment,2
pet,2
ships,2
peepee,2
tat,2
marriage,2
failure,2
ship,2
nip,2
chasing,2
train,2
belts,2
james,2
thered,2
loving,2
intense,2
returning,2
mans,2
creep,2
vulnerable,2
register,2
lorraine,2
pete,2
burnings,2
throws,2
roy,2
lovers,2
barrys,2
boxer,2
shorts,2
pure,2
teaching,2
scooch,2
bell,2
tedlock,2
costilick,2
supervisor,2
estimated,2
system,2
added,2
dreams,2
speech,2
neighborhood,2
chick,2
soothing,2
tones,2
mousse,2
keeping,2
learn,2
data,2
large,2
grape,2
amusebouche,2
amusing,2
vulva,2
cuddled,2
steal,2
generous,2
view,2
promised,2
smells,2
dry,2
meaning,2
corn,2
drowning,2
yourselves,2
timer,2
dings,2
ursulas,2
lesbians,2
parenting,2
jacket,2
buzzing,2
statistics,2
pen,2
urkel,2
mommies,2
flip,2
breath,2
dee,2
bath,2
quietly,2
memo,2
narrator,2
final,2
impossible,2
desk,2
jetson,2
fell,2
forms,2
tampa,2
downfield,2
learned,2
cake,2
lemon,2
fist,2
tight,2
wuss,2
hummus,2
dreskin,2
admissions,2
points,2
zero,2
swallowed,2
scrabble,2
urs,2
o,2
waking,2
résumés,2
mechanics,2
response,2
spades,2
dealer,2
jacks,2
settle,2
land,2
yayas,2
dealt,2
button,2
tokens,2
lion,2
sleeps,2
beg,2
pictionary,2
incident,2
iris,2
owes,2
cursed,2
wherever,2
ante,2
flys,2
pile,2
plus,2
fifteen,2
beat,2
birdie,2
bird,2
bean,2
curl,2
movies,2
hugh,2
phrase,2
marc,2
fourth,2
belgian,2
partially,2
illegal,2
exotic,2
jail,2
homeroom,2
radiators,2
heating,2
banana,2
bananas,2
prom,2
cheek,2
salty,2
study,2
chanel,2
honing,2
dishes,2
rush,2
peepers,2
sidney,2
appreciate,2
hating,2
thrown,2
curious,2
supplies,2
classes,2
tap,2
observe,2
click,2
pennsylvania,2
popes,2
volkswagen,2
memories,2
cows,2
animals,2
blade,2
stammers,2
embassy,2
necessarily,2
drill,2
labor,2
bossman,2
scone,2
somewhere,2
younger,2
easier,2
handing,2
santos,2
petrie,2
contraction,2
chunky,2
quartz,2
station,2
lydia,2
knick,2
hypothetically,2
jamie,2
cramp,2
bodies,2
centimeters,2
pushing,2
ed,2
twinkle,2
mobile,2
closing,2
raspberry,2
pfft,2
research,2
project,2
crystal,2
duck,2
uhuh,2
toby,2
parade,2
honking,1
hump,1
chalk,1
cafeteria,1
intestine,1
tied,1
neck,1
fixating,1
hurting,1
strip,1
joints,1
hormones,1
survivor,1
bridesmaids,1
halfhour,1
limoges,1
drifted,1
organ,1
matters,1
applaud,1
metaphor,1
established,1
raindrops,1
whiskers,1
kittens,1
doorbells,1
sleigh,1
bells,1
string,1
helped,1
independence,1
buzz,1
diary,1
cancel,1
mouthing,1
headed,1
lizards,1
attach,1
whatsoever,1
bookcase,1
drank,1
teeth,1
valuable,1
hers,1
flavor,1
flavors,1
cherry,1
vanilla,1
jimmies,1
horny,1
freezer,1
revelation,1
smashed,1
charles,1
lawful,1
minister,1
chachi,1
words,1
western,1
omelet,1
input,1
doubt,1
regional,1
production,1
pinocchio,1
geppeto,1
hanger,1
de,1
marco,1
franny,1
florida,1
snap,1
beacon,1
severe,1
trained,1
interviews,1
upbeat,1
sale,1
stepdad,1
albino,1
windshields,1
port,1
authority,1
aromatherapy,1
scott,1
starspangled,1
banner,1
pauls,1
geeky,1
vulnerability,1
factor,1
las,1
vegas,1
liza,1
minnelli,1
floyd,1
concerts,1
album,1
banging,1
sits,1
mastodon,1
carpet,1
marsha,1
glaciers,1
stands,1
erect,1
martys,1
paranoid,1
hurry,1
episode,1
threes,1
swallowing,1
slowed,1
balled,1
ammunition,1
flatness,1
childs,1
prince,1
ceremony,1
thighmaster,1
dreading,1
stomped,1
dinah,1
puts,1
perspective,1
presumably,1
clanging,1
utensils,1
martha,1
graduated,1
babylesbian,1
expression,1
puzzles,1
stars,1
papers,1
published,1
harmonica,1
anecdotes,1
pros,1
highpowered,1
driven,1
careertype,1
imaginary,1
preferred,1
steer,1
chances,1
obgyn,1
supportive,1
cervix,1
robbies,1
receptionist,1
speaker,1
greenspans,1
gagging,1
decisions,1
julias,1
tan,1
plugs,1
lenses,1
belongs,1
title,1
challenge,1
borders,1
imagined,1
nausea,1
mothertobe,1
sharing,1
particular,1
beating,1
enterprise,1
tilt,1
min,1
hairline,1
loosely,1
translated,1
leatherwearing,1
alcoholics,1
complaining,1
cushions,1
connecticut,1
horses,1
rabbits,1
chase,1
warden,1
coughing,1
smokes,1
wrist,1
puff,1
index,1
iced,1
monthly,1
statement,1
satans,1
minions,1
earn,1
skipping,1
karmic,1
debt,1
reward,1
within,1
members,1
herd,1
beef,1
thunder,1
crashing,1
filter,1
error,1
credited,1
inconvenience,1
alanbashing,1
begin,1
nursery,1
rhyme,1
yardstick,1
measured,1
hasselhoff,1
impression,1
positions,1
hasidic,1
jewelers,1
softball,1
innate,1
alanness,1
adore,1
personally,1
gallon,1
vowels,1
ys,1
saltines,1
tinfoil,1
pretzel,1
opened,1
floating,1
hitchhiker,1
collect,1
flaw,1
constant,1
overpronouncing,1
snort,1
flaws,1
bother,1
chews,1
endearing,1
snorts,1
correctly,1
indeed,1
gloves,1
emphysema,1
lamb,1
chop,1
nicotine,1
patch,1
ate,1
universe,1
déjà,1
vu,1
guard,1
alans,1
rented,1
boats,1
viking,1
rough,1
cigarettes,1
peace,1
rain,1
forest,1
wishes,1
peaceful,1
nodded,1
insecure,1
deaf,1
constantly,1
reassure,1
ninetyfive,1
steps,1
rangerspenguins,1
theglassishalfempty,1
october,1
eleven,1
halloween,1
costumes,1
consummated,1
physical,1
foam,1
cavein,1
mines,1
earned,1
wiped,1
steamed,1
whys,1
shrieking,1
apron,1
duplex,1
firm,1
elbows,1
passes,1
spots,1
crease,1
timeout,1
peaches,1
nectarines,1
dirt,1
reality,1
board,1
vase,1
arturo,1
tiki,1
death,1
punch,1
slumber,1
trashy,1
operation,1
tweezers,1
prep,1
strained,1
seats,1
pittsburgh,1
fans,1
frost,1
beanstalk,1
plant,1
possibilities,1
flupie,1
unflupie,1
toothless,1
predicament,1
dented,1
melancholy,1
aint,1
pla,1
pepper,1
fatfree,1
crust,1
mediterranean,1
curiously,1
stunning,1
suit,1
snuffleupagus,1
spying,1
adviser,1
clintons,1
campaign,1
whooshes,1
toe,1
dora,1
napping,1
preppy,1
moon,1
magical,1
painkillers,1
louder,1
pâté,1
giggle,1
goose,1
vegetable,1
hahaha,1
hurley,1
tommy,1
rollerson,1
locker,1
seventh,1
silence,1
lambs,1
considered,1
specifically,1
finders,1
keepers,1
losers,1
weepers,1
rubber,1
glue,1
sizemore,1
roughhousing,1
maneuver,1
anytime,1
multiple,1
orgasms,1
awkward,1
handed,1
ganging,1
strike,1
nutty,1
chocolatey,1
cakey,1
scrunchie,1
convertible,1
extended,1
disco,1
version,1
choruses,1
agrees,1
eager,1
accents,1
glamour,1
launderama,1
freakish,1
rat,1
sheets,1
fluffy,1
hells,1
belch,1
angelas,1
tons,1
camper,1
minimal,1
nuhuh,1
yeahhuh,1
rethink,1
fabric,1
softener,1
snuggles,1
sensitive,1
warm,1
bear,1
puppies,1
supremely,1
proofs,1
photo,1
vegetables,1
blew,1
rockys,1
mix,1
moose,1
obnoxiously,1
brutal,1
saved,1
überweiss,1
separate,1
spaz,1
bras,1
underpanty,1
cotton,1
panties,1
judgment,1
heights,1
cleveland,1
nibbley,1
noise,1
eats,1
weasel,1
virginity,1
bandaid,1
wound,1
exposed,1
washer,1
marshmallow,1
peep,1
inflate,1
flopping,1
inappropriate,1
somethings,1
cocktails,1
appalachia,1
ear,1
rambunctious,1
norman,1
mailer,1
waiter,1
wings,1
boom,1
lalalalalalalala,1
inaudibley,1
jammies,1
waist,1
mitzi,1
brandnew,1
neat,1
ripped,1
grieve,1
ought,1
impending,1
doom,1
exclamation,1
scares,1
accent,1
eva,1
dinkle,1
envys,1
schwang,1
tinkle,1
simply,1
audience,1
cheers,1
groan,1
peeling,1
considering,1
lead,1
troll,1
pronounces,1
estelle,1
leonard,1
talent,1
israeli,1
army,1
bullets,1
engine,1
block,1
border,1
rode,1
yemen,1
widowed,1
sliding,1
pocket,1
mainly,1
monogamy,1
anthropologically,1
richard,1
leakey,1
tada,1
cleaned,1
floors,1
attachments,1
vacuum,1
round,1
scratch,1
ann,1
organized,1
madcap,1
arrives,1
grocery,1
easypour,1
spout,1
coaster,1
beads,1
condensation,1
inching,1
became,1
courtrooms,1
pull,1
struggling,1
crack,1
moisturizer,1
warned,1
wasted,1
scrub,1
teflon,1
pan,1
director,1
hire,1
waters,1
showering,1
clenching,1
wifes,1
rolling,1
desperation,1
regret,1
fulfilled,1
obligated,1
wells,1
grinchs,1
grows,1
sizes,1
breaks,1
measuring,1
runs,1
unattainable,1
disturbing,1
tribbianis,1
casually,1
strewn,1
haphazard,1
manner,1
bothers,1
prove,1
citys,1
manhattan,1
queens,1
powercompany,1
eligible,1
looters,1
victoria,1
secret,1
model,1
atrium,1
officiating,1
rabbi,1
jewish,1
hanukkah,1
entered,1
milwaukee,1
disneyland,1
mechanical,1
fixed,1
winner,1
miniaturegolf,1
overrated,1
security,1
lesbianism,1
groundwork,1
priesthood,1
messing,1
sugarless,1
mental,1
mangled,1
carcass,1
sour,1
cause,1
lala,1
lalalalala,1
general,1
ment,1
wanting,1
creation,1
explanation,1
bactine,1
wax,1
tooties,1
tootie,1
trampled,1
loathe,1
mellons,1
betcha,1
bubble,1
boyish,1
charm,1
impish,1
imp,1
chewing,1
unme,1
bite,1
smiled,1
bermuda,1
mopeds,1
superficial,1
common,1
spooky,1
definitive,1
letting,1
saving,1
tape,1
dehydrated,1
japanese,1
fluorescent,1
selfdestructive,1
possibly,1
saladore,1
bernie,1
spellman,1
fascinating,1
vague,1
lows,1
poppop,1
phyllis,1
homosexual,1
junior,1
struck,1
lightning,1
miniature,1
golf,1
strong,1
vibe,1
pencils,1
sharpened,1
closed,1
predictable,1
yesterday,1
shame,1
eternity,1
lemonyellow,1
pantsuit,1
dressier,1
heel,1
silver,1
ears,1
feature,1
bearings,1
overcoat,1
remarkably,1
brent,1
musburger,1
giantscowboys,1
pregame,1
reception,1
weatherwise,1
trees,1
muscles,1
loop,1
whimpers,1
golfing,1
dorothys,1
dorothy,1
slurring,1
pills,1
disability,1
giants,1
announcer,1
radio,1
cracker,1
hated,1
honeyglazed,1
critical,1
positive,1
lifeaffirming,1
drove,1
detail,1
example,1
unsaid,1
depressed,1
grownups,1
java,1
joes,1
twentyfour,1
mardi,1
gras,1
papiermâché,1
radar,1
terry,1
salary,1
skiing,1
normally,1
spill,1
puerto,1
rico,1
blymans,1
department,1
makeup,1
officially,1
actormodel,1
manwoman,1
modeling,1
posters,1
clinic,1
asthma,1
lyme,1
boycotting,1
pilgrim,1
celebrating,1
december,1
lunar,1
faculty,1
skull,1
borrowed,1
yertle,1
refer,1
bobo,1
belly,1
experiment,1
chipped,1
traditional,1
feast,1
grilledcheese,1
fixings,1
familysize,1
funyuns,1
mouthful,1
choose,1
reverse,1
spritz,1
lay,1
infectious,1
vd,1
blossom,1
ciders,1
mulling,1
turking,1
yams,1
yamming,1
shooping,1
merriment,1
incoming,1
zooming,1
stuffing,1
tater,1
tradition,1
fork,1
cranberry,1
tot,1
unborn,1
mixer,1
pota,1
spotted,1
flying,1
washington,1
inflatable,1
offer,1
acoustical,1
advantage,1
aim,1
bump,1
shadow,1
crispy,1
juicy,1
tone,1
paleontology,1
fetus,1
gills,1
bagel,1
keyhole,1
zillion,1
smirky,1
mario,1
sobs,1
doors,1
busting,1
carve,1
planned,1
involve,1
divorce,1
projectile,1
vomiting,1
syphilis,1
thankful,1
thanksgivings,1
gasp,1
precious,1
rescued,1
lab,1
pathe,1
pathet,1
sanskrit,1
allnew,1
material,1
songs,1
santa,1
manager,1
jolly,1
political,1
helpers,1
slap,1
pressures,1
scramble,1
victim,1
enthusiasm,1
demand,1
coal,1
bewitchin,1
lalala,1
ashes,1
resting,1
jar,1
sneezy,1
noisy,1
discuss,1
darryl,1
splash,1
wall,1
conventional,1
luminous,1
delicate,1
grace,1
smidge,1
davids,1
methodical,1
officer,1
gentleman,1
smarter,1
gentler,1
sweeter,1
occasions,1
handle,1
mock,1
killing,1
spatulas,1
feces,1
asks,1
test,1
particle,1
accelerators,1
nowhere,1
powerful,1
simulate,1
conditions,1
valid,1
sweeper,1
physicists,1
tidying,1
exboyfriend,1
catching,1
dragging,1
melon,1
bags,1
russia,1
expenses,1
paid,1
january,1
st,1
lipson,1
yamaguchi,1
flank,1
maxs,1
artichoke,1
diet,1
greet,1
guests,1
urinate,1
mingling,1
planet,1
pocketbook,1
thingy,1
cabs,1
tackles,1
curb,1
mentally,1
undressed,1
camera,1
grandfather,1
reunited,1
glitter,1
misunderstood,1
yoko,1
belong,1
tearing,1
virtual,1
snowstorm,1
confetti,1
bedroom,1
dropping,1
joy,1
whiz,1
everybodys,1
changing,1
diapers,1
fleas,1
phoning,1
cracked,1
tooth,1
yesterdays,1
daily,1
horoscope,1
potential,1
plunge,1
depression,1
mama,1
ambulance,1
sirens,1
wailing,1
tires,1
squealing,1
thud,1
scout,1
dents,1
knuckles,1
artistic,1
sculpting,1
conscious,1
unbound,1
alwaysinteresting,1
tyler,1
showtime,1
hbo,1
cinemex,1
groin,1
passing,1
rigatoni,1
explode,1
london,1
beaming,1
intimate,1
craving,1
somehow,1
fabulous,1
condoms,1
burst,1
flames,1
congress,1
debating,1
deficitreduction,1
fares,1
teams,1
agamemnon,1
famished,1
dive,1
shots,1
shotdrinking,1
appraise,1
written,1
writer,1
european,1
cities,1
euphemisms,1
male,1
genitalia,1
slugger,1
handlicker,1
licking,1
sold,1
sell,1
pages,1
secondary,1
complication,1
bizarroworld,1
hotlooking,1
discussed,1
overslept,1
racquet,1
restrung,1
gloria,1
handsome,1
goggles,1
jock,1
strap,1
pajamas,1
slam,1
undone,1
karen,1
liberated,1
denim,1
engorged,1
trick,1
knockout,1
brain,1
waves,1
sets,1
freudian,1
behaves,1
complex,1
rehearsing,1
greek,1
tonsil,1
tennis,1
knee,1
flushes,1
woozy,1
etch,1
sketch,1
massager,1
shaved,1
sang,1
cars,1
lisbon,1
effect,1
forbidden,1
bomb,1
spelling,1
upside,1
drive,1
absolute,1
opinion,1
reaching,1
niffle,1
typist,1
throbbing,1
writing,1
odd,1
joins,1
jeannie,1
meats,1
layer,1
scrape,1
plunk,1
compass,1
parts,1
placenta,1
caterer,1
lasagnas,1
freddie,1
highpitched,1
flung,1
steel,1
physically,1
results,1
amnio,1
huey,1
lewis,1
image,1
aokay,1
certainly,1
deb,1
rhona,1
adventure,1
delveccio,1
impressions,1
imagination,1
commitment,1
hibachi,1
changes,1
herbal,1
pushed,1
summerfield,1
canceled,1
shiatsu,1
unprofessional,1
yum,1
rachella,1
rachellas,1
oops,1
sorts,1
scouts,1
camped,1
actress,1
uma,1
moral,1
obligation,1
patio,1
ladybugs,1
suggest,1
dining,1
suitcases,1
tasted,1
proves,1
balance,1
unleashed,1
charming,1
olympic,1
walks,1
sees,1
antipaolo,1
catholic,1
distraught,1
stare,1
armwaving,1
enormous,1
overwhelmed,1
deserve,1
medium,1
swearing,1
altogether,1
develop,1
screening,1
process,1
shutdown,1
shutout,1
wussies,1
barge,1
anybodys,1
privacy,1
relatively,1
weave,1
nippular,1
patient,1
shrink,1
shrinky,1
vinyl,1
box,1
doughnuts,1
sparky,1
intimacy,1
humor,1
puberty,1
textbook,1
midtown,1
hauling,1
ferry,1
puppet,1
bassida,1
mortician,1
navy,1
yard,1
memory,1
burning,1
tomatoes,1
bigtime,1
thems,1
leading,1
spy,1
cia,1
adults,1
resolve,1
tit,1
analytical,1
fail,1
selfesteem,1
compensate,1
overshadowing,1
conceivable,1
sabotaged,1
guilty,1
failures,1
sucking,1
weeble,1
palace,1
cruise,1
lifeboat,1
wobble,1
mutters,1
cuter,1
embolism,1
pets,1
laid,1
pose,1
tail,1
jumping,1
frisbee,1
ronnis,1
ronnl,1
babe,1
kerplunk,1
mister,1
strict,1
followed,1
kickie,1
endtoend,1
pancakes,1
outofworkactor,1
guts,1
ours,1
rapalono,1
bathrooms,1
fasten,1
trib,1
shrieks,1
rogers,1
perceptive,1
garbage,1
bond,1
accountants,1
hobby,1
disrespectful,1
ideal,1
sting,1
poodlestuffer,1
ashamed,1
attentive,1
anniversary,1
prettier,1
liking,1
wonderfulness,1
behavior,1
dysfunctional,1
dynamic,1
emotionally,1
stunted,1
cups,1
cheating,1
mas,1
tina,1
restraining,1
waltons,1
mountain,1
mistakes,1
alcoholic,1
tracks,1
boobie,1
payback,1
express,1
lent,1
nervously,1
winning,1
depends,1
bail,1
cash,1
trading,1
wash,1
zinfandel,1
compared,1
carney,1
weeper,1
howard,1
jerks,1
magnets,1
digital,1
abby,1
shaves,1
badboyfriend,1
voluntarily,1
chant,1
classical,1
rolls,1
puppets,1
cruelty,1
slather,1
lick,1
slathering,1
mousses,1
dinners,1
enjoyed,1
zipper,1
dessert,1
bigscreen,1
overpriced,1
champagne,1
rob,1
reunion,1
jet,1
lag,1
sevendog,1
yearstoonehumanyear,1
flies,1
los,1
angeles,1
loses,1
label,1
sage,1
branches,1
sacramental,1
oregano,1
fresca,1
semen,1
righteous,1
ritters,1
receipt,1
scotty,1
jared,1
grappa,1
matchmaker,1
pager,1
fulfilling,1
scooching,1
riggs,1
willet,1
funnily,1
silk,1
halfcharred,1
hairier,1
chief,1
bonfire,1
busiest,1
loaded,1
jan,1
ending,1
seek,1
soul,1
foghorn,1
wolverine,1
gettingonwithyourlife,1
perfectly,1
wacky,1
deny,1
besides,1
carrying,1
truck,1
wohoo,1
firemen,1
cider,1
eraser,1
flattering,1
length,1
prank,1
memos,1
inputting,1
tells,1
temp,1
admitting,1
worrying,1
term,1
client,1
chefing,1
alltoast,1
eclectic,1
create,1
menu,1
pheeb,1
suitey,1
robert,1
pilman,1
counseloragogo,1
agogo,1
counselor,1
goals,1
lesser,1
formerly,1
owned,1
audition,1
tonys,1
steak,1
puma,1
curator,1
introduce,1
metaphorically,1
magnet,1
furry,1
seal,1
claws,1
creamier,1
aptitude,1
intelligence,1
personality,1
ideally,1
suited,1
multinational,1
corporation,1
pictured,1
preappetizer,1
french,1
wendys,1
professional,1
maintaining,1
amateur,1
status,1
olympics,1
brag,1
innsbruck,1
panicked,1
loss,1
cuddling,1
dirtytalking,1
caress,1
ahead,1
soft,1
trembling,1
rooting,1
satisfying,1
yearend,1
bonus,1
structure,1
hardball,1
negotiation,1
rejection,1
cubicle,1
cube,1
indeedy,1
bailed,1
twelve,1
twenty,1
greeter,1
smelled,1
combination,1
polite,1
blazed,1
doobie,1
smoked,1
joint,1
weed,1
hemp,1
ganja,1
cheech,1
shrimp,1
ravioli,1
cilantro,1
ponzu,1
minced,1
ginger,1
smack,1
taco,1
shells,1
envelope,1
spoil,1
appetite,1
sugaros,1
macaroni,1
gummy,1
overboard,1
fellas,1
onto,1
sugaro,1
tartlet,1
tool,1
faking,1
michener,1
elaborate,1
filth,1
plot,1
lines,1
themes,1
motif,1
villagers,1
exhausted,1
fran,1
eek,1
aprons,1
testing,1
acting,1
erasing,1
supposedly,1
newspaper,1
peed,1
crossword,1
liam,1
neeson,1
morley,1
safer,1
cuts,1
dumb,1
lamaze,1
earth,1
rostens,1
jc,1
buddies,1
births,1
bookbinder,1
postdating,1
friday,1
whack,1
ink,1
creatures,1
fix,1
merry,1
refrigera,1
tuna,1
melt,1
curly,1
fries,1
joeylike,1
grown,1
laverne,1
shirley,1
parentteacher,1
basic,1
thirdstage,1
breathing,1
exercises,1
coaches,1
supporting,1
mommys,1
coaching,1
training,1
vagina,1
flower,1
annual,1
anus,1
snarly,1
crabtree,1
evelyn,1
salts,1
swordfish,1
caffe,1
lattes,1
biscotti,1
worlds,1
thinnest,1
argument,1
quickie,1
ceiling,1
sizewise,1
capades,1
capade,1
chrysler,1
douglas,1
psychiatrist,1
flanen,1
flanan,1
flan,1
informed,1
badly,1
frenzy,1
recollection,1
believable,1
threat,1
others,1
persons,1
psychology,1
miracle,1
teacher,1
nostril,1
pot,1
roast,1
occurring,1
bathmat,1
scientists,1
avoiding,1
strange,1
jealous,1
scissors,1
paperwork,1
bookbinders,1
psychological,1
profile,1
personnel,1
stapler,1
similar,1
evil,1
randy,1
brown,1
previously,1
address,1
xrays,1
fraud,1
filling,1
field,1
hike,1
bay,1
defense,1
bays,1
heave,1
sack,1
caring,1
north,1
america,1
blocking,1
rainbow,1
whens,1
screw,1
hissy,1
pinch,1
saffron,1
mitchell,1
rosen,1
frequency,1
kenneth,1
sprain,1
scene,1
crime,1
shmush,1
peehee,1
b,1
tools,1
sundriedtomato,1
somebodyd,1
prune,1
freaking,1
panicky,1
colonial,1
squeezed,1
jeffrey,1
cellars,1
ernest,1
tova,1
borgnine,1
resist,1
glasses,1
stat,1
pagan,1
altars,1
piles,1
bones,1
corners,1
uptight,1
princess,1
uptown,1
bless,1
chickpea,1
spoiled,1
freshman,1
switch,1
ueah,1
stood,1
nutsy,1
salad,1
needing,1
signature,1
bright,1
scenario,1
connected,1
affected,1
simian,1
fur,1
kidney,1
idney,1
town,1
watches,1
jeopardy,1
touches,1
m,1
dubbed,1
whistling,1
river,1
kwal,1
proofread,1
impressed,1
compuper,1
skills,1
xerox,1
responses,1
scones,1
inquiry,1
however,1
visa,1
linda,1
flintstones,1
pounding,1
yarn,1
sarcastic,1
cried,1
weep,1
sexist,1
lame,1
teach,1
microwave,1
clubs,1
fours,1
roulettes,1
assorted,1
crudités,1
serve,1
syllable,1
pretz,1
stakes,1
aha,1
fax,1
jamestown,1
colony,1
virginia,1
king,1
rematch,1
lkea,1
pizzeria,1
bart,1
disk,1
competitive,1
kettle,1
differ,1
slipped,1
saks,1
avenue,1
assistant,1
buyer,1
randall,1
parked,1
meter,1
caved,1
recommending,1
trident,1
shuffle,1
crossedeyed,1
mary,1
spends,1
leaves,1
exert,1
dime,1
gals,1
formality,1
chitchat,1
oneeyed,1
follows,1
tic,1
tac,1
cincinnati,1
blinds,1
moneys,1
joker,1
joincidence,1
c,1
bucko,1
singsong,1
inner,1
hooker,1
sores,1
buck,1
veins,1
popping,1
temple,1
barbara,1
silly,1
limit,1
loser,1
teen,1
airmail,1
airplane,1
unbearable,1
lightness,1
earl,1
grey,1
chamomile,1
mint,1
medley,1
blackberry,1
soother,1
bunk,1
sample,1
newsletter,1
notices,1
inspiration,1
mastered,1
embargo,1
raw,1
interrupted,1
fest,1
flick,1
guns,1
bombs,1
buses,1
violence,1
female,1
lou,1
frolicking,1
unclench,1
discussion,1
disbelief,1
sucker,1
feathered,1
boa,1
raven,1
dying,1
poo,1
gunshot,1
dexter,1
clunky,1
negative,1
touristy,1
spray,1
lysol,1
trade,1
regis,1
philbin,1
capuchin,1
dressing,1
pickles,1
newark,1
murder,1
capital,1
northeast,1
painful,1
pencil,1
possession,1
punishable,1
confiscation,1
creature,1
friendly,1
reconcile,1
introduced,1
gianetti,1
sat,1
ignoring,1
overalls,1
bobcats,1
fixing,1
turning,1
knob,1
daiquiri,1
amount,1
expertise,1
cooling,1
milieu,1
yea,1
answers,1
brushed,1
tranquilizer,1
purpose,1
vintage,1
oblivious,1
potassium,1
homecoming,1
president,1
punish,1
dart,1
pumps,1
outfit,1
mood,1
neighbors,1
vacuuming,1
locking,1
von,1
trapp,1
alp,1
lifestyle,1
sailor,1
toughest,1
snack,1
scoffing,1
gravity,1
dangle,1
pressuring,1
testosteroney,1
francisco,1
treat,1
answering,1
interestingly,1
leaf,1
blower,1
spontaneous,1
indeedio,1
shove,1
pigeon,1
becomes,1
law,1
squirts,1
bendels,1
sending,1
generally,1
duh,1
reasons,1
exbest,1
waving,1
creeps,1
oatmeal,1
spatters,1
adjustment,1
progress,1
ad,1
answered,1
choosing,1
snubbed,1
dental,1
floss,1
loudly,1
helps,1
slide,1
apples,1
oranges,1
orthodontists,1
jampacked,1
sounded,1
filled,1
boogie,1
scratched,1
naughty,1
uniform,1
lately,1
oldest,1
laurie,1
schaefer,1
bitter,1
weight,1
screaming,1
announced,1
smelling,1
proposed,1
circle,1
hoop,1
phones,1
pointing,1
irony,1
doorman,1
marks,1
radiator,1
rdtor,1
sidneys,1
freeweights,1
neighbor,1
brunette,1
ingrid,1
bergman,1
human,1
lineup,1
castalanos,1
sweating,1
hogging,1
jump,1
devil,1
satan,1
smock,1
dds,1
wondered,1
dresser,1
monocle,1
clarify,1
outing,1
steals,1
caution,1
mop,1
yuck,1
lamp,1
buys,1
shops,1
stores,1
intimidated,1
salespeople,1
art,1
artist,1
horseback,1
riding,1
paponi,1
ethnic,1
neutral,1
switzerland,1
starring,1
fiddler,1
post,1
madness,1
spare,1
containers,1
uncoordinated,1
tense,1
amsterdam,1
cone,1
marcels,1
maturity,1
aggressive,1
violent,1
adult,1
access,1
vicious,1
applying,1
state,1
outofstate,1
miami,1
blocks,1
beach,1
cops,1
brand,1
vigilante,1
justice,1
stealer,1
astounding,1
spirit,1
cheerleader,1
hats,1
joke,1
brave,1
gunnersons,1
boston,1
pour,1
auditioning,1
fools,1
dealing,1
background,1
shunned,1
poets,1
society,1
incredibly,1
boring,1
kills,1
community,1
recommend,1
doubtfire,1
scranton,1
safety,1
chairs,1
brunt,1
dictator,1
slaughtered,1
stage,1
flame,1
interactive,1
wildlife,1
questions,1
docile,1
cornered,1
handling,1
objects,1
jungle,1
panting,1
diegos,1
rabbit,1
yoho,1
crashed,1
fluff,1
pillows,1
bills,1
fortunately,1
blues,1
color,1
winter,1
poem,1
champ,1
babes,1
glove,1
thy,1
role,1
mercutio,1
holden,1
mcgroin,1
importantly,1
damned,1
inadequate,1
seemed,1
onetime,1
subconscious,1
operating,1
shortterm,1
clients,1
pirates,1
dummy,1
workshop,1
secretarys,1
reduced,1
boob,1
secretary,1
involves,1
portion,1
paleontologist,1
emergencies,1
extinct,1
dial,1
manchild,1
mellow,1
bings,1
likely,1
midterms,1
jumbo,1
u,1
judging,1
disappointment,1
wears,1
nahuh,1
report,1
hills,1
crimes,1
held,1
tourists,1
terrorized,1
continue,1
stayingover,1
secretly,1
goat,1
strictly,1
technical,1
practice,1
bicentennial,1
felon,1
states,1
chad,1
collins,1
particularly,1
saucy,1
chuckling,1
strongest,1
ranger,1
morphing,1
stegosaurus,1
tyrannosaurus,1
themnotlikingyou,1
extravaganza,1
karaoke,1
tracy,1
ebony,1
lvory,1
caringboss,1
imoneofyouboss,1
iwannabeyourbuddy,1
bossmanbing,1
hires,1
fires,1
ahah,1
ignore,1
nathan,1
frankly,1
opener,1
dryers,1
rumor,1
congressman,1
frame,1
biblical,1
moist,1
margaritas,1
stronger,1
stevie,1
gerston,1
mustache,1
fridge,1
nephew,1
johnson,1
spoke,1
mucus,1
plug,1
cigars,1
arrangements,1
additional,1
guitar,1
musical,1
stuffed,1
chunkys,1
bumper,1
sticker,1
contractions,1
fiftynine,1
swiss,1
nurses,1
exhusbands,1
obstetrician,1
ewing,1
rebuilding,1
folk,1
resent,1
paying,1
fundamentally,1
unmarriable,1
parachute,1
knapsack,1
dressydress,1
interested,1
views,1
fatherhood,1
players,1
fourteen,1
focusing,1
sons,1
susans,1
landed,1
jessecodydillon,1
fiasco,1
cramps,1
clever,1
threatened,1
ironic,1
paris,1
pastry,1
fly,1
cooing,1
static,1
crackling,1
mazel,1
tov,1
currently,1
affect,1
loaner,1
helper,1
knicks,1
closet,1
growing,1
stepfather,1
luckiest,1
rip,1
nipple,1
worker,1
rescue,1
appears,1
exhusband,1
crowning,1
shoulders,1
chest,1
knees,1
covered,1
jello,1
above,1
coos,1
bens,1
cooked,1
brahms,1
wiegenlied,1
nodding,1
haircut,1
sweetest,1
including,1
waffles,1
jillion,1
nyu,1
med,1
fertility,1
donating,1
contribution,1
coleslaw,1
buns,1
groundup,1
flesh,1
formally,1
program,1
according,1
conduct,1
experiments,1
barbecue,1
jeez,1
persuade,1
itinerary,1
pahh,1
barbecues,1
breakfront,1
alvin,1
simon,1
theodore,1
interest,1
chinese,1
beers,1
fruitbasket,1
basketeers,1
musketeers,1
burgers,1
tiger,1
transaction,1
rattling,1
rattles,1
travel,1
seuss,1
remove,1
antique,1
mustve,1
fortune,1
ridiculously,1
shudders,1
rubbing,1
petite,1
mute,1
desperately,1
jetway,1
federal,1
regulations,1
freeze,1
moans,1
ahh,1
pegged,1
giver,1
practically,1
wrapping,1
torn,1
initial,1
gut,1
friendsinlaw,1
relationshipy,1
committed,1
wha,1
whispers,1
spender,1
tickertape,1
route,1
senses,1
heightened,1
skirts,1
exchanged,1
blouse,1
teensy,1
sight,1
begley,1
jr,1
electric,1
environmental,1
ninth,1
hammerhead,1
ridicule,1
