sunburned,2
gremlin,2
cracking,2
thorough,2
holocaust,2
canned,2
ammonia,2
reacting,2
beatles,2
rambled,2
oak,2
profit,2
accountant,2
motorcycle,2
specially,2
replaced,2
reward,2
misses,2
chopper,2
simens,2
zana,2
kelly,2
posters,2
insensitive,2
rusty,2
cater,2
dud,2
judged,2
quiches,2
polish,2
encyclopedias,2
classifieds,2
biting,2
quiche,2
gag,2
pantsuit,2
jeopardizing,2
gogh,2
woods,2
announcer,2
patio,2
stub,2
army,2
rumors,2
legend,2
generations,2
berle,2
ingredients,2
volcanoes,2
documentary,2
session,2
illegally,2
evicted,2
rockhard,2
gut,2
members,2
portion,2
nicknames,2
preparation,2
girly,2
enormous,2
trot,2
rehearse,2
hamsters,2
dudes,2
longdistance,2
fishnet,2
stockings,2
goats,2
papa,2
aerobics,2
instructor,2
dealers,2
grandchildren,2
equipment,2
universal,2
toasties,2
payment,2
endearing,2
jeepers,2
creepers,2
intermission,2
parttime,2
caterers,2
sanitation,2
hardass,2
coupon,2
expires,2
torture,2
endless,2
lane,2
elaine,2
bamanamanama,2
funky,2
emotions,2
disk,2
preference,2
transmission,2
aunts,2
infinite,2
sambuca,2
tainted,2
daily,2
exchanges,2
rg,2
picky,2
patients,2
threefold,2
exchanged,2
bitchen,2
reporter,2
qualifications,2
nova,2
scotia,2
chicagos,2
colored,2
brighten,2
cabinets,2
designers,2
discover,2
sadness,2
expense,2
depend,2
carlos,2
pinch,2
oreos,2
mercy,2
accountants,2
kindergarten,2
orson,2
welles,2
direct,2
relish,2
highway,2
prague,2
conceive,2
tyrannosaurus,2
rex,2
denim,2
nudes,2
erotica,2
guides,2
karl,2
erogenous,2
zones,2
unnatural,2
squat,2
tic,2
items,2
extended,2
rematch,2
attach,2
peeves,2
burlesque,2
rounds,2
fieldhockey,2
liaisons,2
categorizes,2
profession,2
transponding,2
transponster,2
tonsils,2
sucky,2
mattresses,2
fetus,2
greet,2
abs,2
overcoat,2
blouses,2
purses,2
eliminated,2
charged,2
sarandon,2
baldwin,2
basinger,2
nicole,2
offstage,2
wardrobe,2
ditto,2
denying,2
takeout,2
suffered,2
beefsteak,2
heck,2
lone,2
suits,2
mannipples,2
bait,2
struggle,2
larges,2
nightclub,2
toughie,2
overslept,2
flitting,2
kirk,2
cannon,2
stripping,2
petite,2
smoothest,2
flushes,2
alimony,2
devon,2
overseas,2
soak,2
controlled,2
cuff,2
closely,2
liams,2
disappears,2
catrokis,2
victorian,2
soy,2
burgers,2
pockets,2
thief,2
created,2
hardtoget,2
zipper,2
pulls,2
skit,2
loosened,2
causes,2
channels,2
lugging,2
obgyn,2
fantasies,2
births,2
refrigerators,2
corny,2
supermodels,2
colin,2
transportation,2
combine,2
relaxitaxi,2
teller,2
vault,2
iii,2
rod,2
roasted,2
filet,2
mignon,2
crabby,2
bruce,2
peck,2
occur,2
milan,2
respond,2
sycophant,2
johnson,2
knickers,2
salesman,2
wham,2
timings,2
impartial,2
leafy,2
hasty,2
disappeared,2
sleeper,2
olympics,2
errands,2
oof,2
clicking,2
ju,2
unconscious,2
offagain,2
ernies,2
steep,2
risking,2
nathan,2
adore,2
grey,2
survivor,2
vulnerability,2
ment,2
creation,2
sailed,2
ohoh,2
beijing,2
kickyouinthecrotch,2
spitonyourneck,2
kotter,2
sights,2
chili,2
boil,2
wong,2
hardy,2
sadder,2
rang,2
kiev,2
florist,2
timeout,2
continuing,2
scarves,2
souvenir,2
tourists,2
postponing,2
tepid,2
hiccups,2
greasy,2
aversion,2
dashing,2
homesick,2
chippie,2
insisted,2
steven,2
fare,2
builtin,2
monty,2
burden,2
shine,2
felicity,2
declare,2
tow,2
objectively,2
soundproof,2
unsuccessful,2
athens,2
passengers,2
merlot,2
threepiece,2
shabby,2
longstemmed,2
smudgy,2
bums,2
ultimately,2
massacre,2
puke,2
internal,2
impersonating,2
resident,2
clarify,2
urethra,2
froze,2
sterile,2
flashback,2
goof,2
definition,2
naps,2
cohost,2
pledges,2
collins,2
stoop,2
stella,2
culinary,2
libs,2
icecream,2
rolos,2
highspeed,2
oceanview,2
suckers,2
phased,2
eyelash,2
curler,2
middleaged,2
mink,2
brand,2
hence,2
poison,2
commute,2
ax,2
trek,2
andes,2
crematorium,2
sporting,2
bound,2
huntley,2
saks,2
capri,2
tracked,2
sidekick,2
voonda,2
regatta,2
studio,2
filters,2
quicker,2
slash,2
bleecker,2
requires,2
references,2
salsa,2
mingle,2
dannys,2
frat,2
ninetyeight,2
productive,2
breeze,2
houseboy,2
squash,2
reliving,2
tenderness,2
begs,2
clifford,2
alvarez,2
dwarf,2
cluster,2
drooling,2
humiliate,2
carrots,2
severed,2
reattach,2
limpsalot,2
dock,2
homes,2
intellectual,2
leftover,2
stabbed,2
pep,2
cathy,2
moors,2
represent,2
heathcliffs,2
symbolism,2
venture,2
repeating,2
deadlines,2
lowbudget,2
threatening,2
moistmaker,2
vogue,2
cyborg,2
discussing,2
feminism,2
preview,2
meats,2
fruits,2
products,2
collecting,2
spreading,2
greetings,2
discipline,2
crank,2
notch,2
darts,2
spackle,2
krista,2
respects,2
weighed,2
redoing,2
forgets,2
jogging,2
complaints,2
highprofile,2
pointer,2
tiffany,2
listed,2
stapler,2
koppel,2
coworkers,2
auntie,2
gsharp,2
questioning,2
sprinkle,2
absorb,2
vaseline,2
fringe,2
initiated,2
occasions,2
dewey,2
nasty,2
frustrated,2
suckup,2
booths,2
focused,2
clinton,2
headache,2
karas,2
whining,2
forgave,2
glenda,2
amnesia,2
chickened,2
ironically,2
hugsy,2
bedtime,2
bribe,2
mini,2
baskets,2
biceps,2
slick,2
messers,2
messees,2
trampoline,2
bendy,2
rejoin,2
lam,2
scented,2
tenants,2
retiring,2
howards,2
nametags,2
fixable,2
chipped,2
sweaters,2
kurt,2
lola,2
teasing,2
sweatshirt,2
nypd,2
homicide,2
reinforcements,2
harboring,2
minimum,2
foolish,2
marked,2
coordinator,2
lifelike,2
beast,2
lobby,2
obligated,2
advances,2
litigious,2
screwup,2
pamela,2
smacks,2
opinions,2
supported,2
poisonous,2
promote,2
highlighted,2
callbacks,2
rue,2
tagged,2
smoky,2
appealing,2
patches,2
unexpected,2
sabotaged,2
uncanny,2
au,2
lima,2
bubbling,2
waterston,2
capricorn,2
cleared,2
ovens,2
humanity,2
reported,2
commencing,2
engines,2
crossreferenced,2
prototype,2
berry,2
visitors,2
controlling,2
neurotic,2
scrape,2
blown,2
glenn,2
newfound,2
instinct,2
escaping,2
escaped,2
foxhole,2
protecting,2
revolution,2
jinx,2
sphinx,2
whiskerson,2
gar,2
movingin,2
shelter,2
investment,2
haggle,2
reputation,2
itchy,2
shutterspeed,2
chilling,2
illinois,2
bees,2
ascot,2
minor,2
infection,2
pus,2
sidewalk,2
handwriting,2
correcting,2
grammar,2
supervision,2
sliding,2
fauna,2
garfunkel,2
cameron,2
diaz,2
planeaversary,2
includes,2
nakedness,2
whatre,2
scrub,2
upper,2
setback,2
milliondollar,2
pancho,2
jackpot,2
doodle,2
pricey,2
casino,2
fours,2
lurk,2
wakeup,2
crushing,2
divorcing,2
punishment,2
greedy,2
hitchhiker,2
rapist,2
kansas,2
tombstone,2
closest,2
scariest,2
showers,2
emotion,2
testify,2
mahogany,2
asteroids,2
nonugly,2
swamped,2
warrens,2
relove,2
homeless,2
verbal,2
binding,2
represents,2
merge,2
occupied,2
weepy,2
finalists,2
kitten,2
concerning,2
subcategorized,2
subcategories,2
aids,2
lapsed,2
foul,2
blinding,2
lifting,2
weights,2
darker,2
adjusting,2
listens,2
purina,2
cue,2
russell,2
identified,2
initial,2
errors,2
permanent,2
inexcusable,2
iffy,2
wiping,2
advised,2
equity,2
sponges,2
polishing,2
sonic,2
blaster,2
lodged,2
seeking,2
grounds,2
intravenous,2
unable,2
addicted,2
naturally,2
protected,2
rollerblades,2
fallen,2
goal,2
beats,2
qualities,2
stretch,2
pawn,2
computers,2
functions,2
download,2
lecroix,2
unpacked,2
reminded,2
alike,2
centered,2
moth,2
untrue,2
brighter,2
bizarre,2
magnets,2
remaining,2
dust,2
ruffle,2
sweetums,2
stares,2
anne,2
demon,2
knitting,2
josephine,2
listener,2
spy,2
frying,2
rarely,2
remain,2
mainly,2
thanksgivingy,2
reflection,2
raspberries,2
sautéed,2
minced,2
degrees,2
blamed,2
janines,2
whipping,2
objects,2
eggplant,2
consolation,2
betraying,2
playboys,2
palm,2
branches,2
huts,2
clarks,2
taping,2
millennium,2
chap,2
bested,2
wily,2
minx,2
platforms,2
snippy,2
faced,2
overboard,2
eighth,2
massproduced,2
opium,2
blahblahblah,2
birdcage,2
junk,2
stealer,2
yikes,2
keyboard,2
flexible,2
recreate,2
leaning,2
aprons,2
dyed,2
maintaining,2
straightened,2
qualifies,2
jills,2
fluids,2
spark,2
leads,2
sung,2
blessing,2
glare,2
comicbook,2
inspect,2
doubting,2
caroline,2
somewhat,2
plunge,2
stake,2
rewind,2
illness,2
projector,2
seller,2
shallow,2
merrill,2
knack,2
lox,2
tilman,2
hazelnut,2
vitamins,2
kats,2
warden,2
lowfat,2
reggie,2
hires,2
effects,2
godspeed,2
brady,2
gail,2
parasites,2
eastern,2
disappoint,2
pesos,2
dogwalker,2
sanctity,2
wholl,2
engage,2
attacks,2
greed,2
predator,2
eel,2
salmonskin,2
kettle,2
calendar,2
crotchless,2
studies,2
replica,2
apollo,2
fiasco,2
laughable,2
keystone,2
howie,2
cutie,2
burt,2
weave,2
crummies,2
kindling,2
thur,2
dimple,2
limes,2
trips,2
newsstand,2
stream,2
softest,2
extract,2
revealing,2
machiavelli,2
suffering,2
dinkle,2
schwang,2
struggling,2
amazingly,2
lettuce,2
julienne,2
camped,2
lifesize,2
repeller,2
eyesore,2
liberace,2
magically,2
zinfandel,2
cupping,2
lunges,2
explosion,2
horoscope,2
spat,2
parentteacher,2
conferences,2
fitting,2
acquainted,2
lizs,2
qt,2
omaha,2
belushi,2
terrorists,2
eyeballs,2
binggeller,2
facility,2
secluded,2
recognized,2
tire,2
tracks,2
hoho,2
biscotti,2
exterior,2
slumber,2
regrets,2
musket,2
oneandahalf,2
karat,2
clingy,2
surfer,2
stifle,2
gumballmachinelooking,2
thompson,2
reviews,2
alexander,2
daysailer,2
guessed,2
youth,2
bidder,2
weighing,2
suspects,2
seal,2
deadend,2
backups,2
musketeers,2
surely,2
manchild,2
hoped,2
bouquet,2
locations,2
alphabetically,2
geographically,2
footage,2
cocktails,2
derek,2
caution,2
diaphragm,2
redid,2
feast,2
offtherack,2
gently,2
sleazy,2
roughly,2
chauncey,2
legacy,2
mainsail,2
nutmeg,2
overdressed,2
overhead,2
styrofoam,2
port,2
nestley,2
toulouse,2
americans,2
horrifying,2
cheerleaders,2
retail,2
ramorays,2
interviewed,2
summers,2
fridays,2
eager,2
hibachi,2
visited,2
wohaow,2
hoops,2
noticing,2
ude,2
strictly,2
glitter,2
layup,2
situps,2
dried,2
local,2
finals,2
semifinals,2
ballroom,2
overly,2
exhusbands,2
crushes,2
decorating,2
overhearing,2
feature,2
wished,2
hypothetical,2
maidofhonor,2
separately,2
presence,2
skidmark,2
vintage,2
groundwork,2
dissertation,2
colonel,2
cornered,2
campus,2
previews,2
careless,2
musings,2
progressionist,2
skipped,2
electromagnetic,2
welleducated,2
colorful,2
barking,2
coughing,2
drown,2
utah,2
weed,2
backyard,2
smokesalot,2
lynn,2
required,2
minimal,2
beanbag,2
technique,2
abort,2
jeopardy,2
michelles,2
clay,2
rudolph,2
release,2
poorly,2
festival,2
partjewish,2
skylight,2
onebedroom,2
bunnys,2
braindead,2
noted,2
frannies,2
ages,2
inseparable,2
rossatron,2
linguistics,2
broadback,2
beliefs,2
mahimahi,2
positronic,2
distillation,2
subatomic,2
particles,2
tar,2
armageddon,2
iceskating,2
disconnected,2
overnight,2
postit,2
bouncing,2
concrete,2
plugs,2
crawl,2
slid,2
realestate,2
victorias,2
firstborn,2
easybake,2
eater,2
wondrous,2
favored,2
headrest,2
obsolete,2
angels,2
destroyed,2
wrecked,2
rubbed,2
barcaloungers,2
downhill,2
cheaper,2
neutral,2
haul,2
twentyfour,2
involves,2
winking,2
dool,2
monroe,2
beverage,2
knockers,2
cocky,2
capture,2
tapes,2
resume,2
evidence,2
morton,2
bagpipes,2
explaining,2
adored,2
loosening,2
romance,2
ministers,2
saran,2
receivers,2
consoled,2
bodes,2
impresses,2
narrow,2
gap,2
kleinmans,2
overpriced,2
facial,2
concerts,2
gonorrhea,2
hideous,2
ernest,2
midterm,2
loop,2
turtleneck,2
backs,2
syrup,2
grammy,2
graciousloser,2
deserved,2
grammys,2
flaunt,2
nominees,2
graham,2
restless,2
bishop,2
midterms,2
teachers,2
dehydrated,2
nextnext,2
scorsese,2
cassies,2
intently,2
marilyn,2
insisting,2
carve,2
raid,2
jedi,2
cap,2
putty,2
sexiest,2
naples,2
divisional,2
chart,2
tuxedos,2
hooking,2
attend,2
pierce,2
brosnan,2
sigma,2
chi,2
luau,2
batmans,2
allen,2
christening,2
vamp,2
greater,2
tuxes,2
heightened,2
fuss,2
twofoursix,2
unmarriable,2
parachute,2
rocket,2
bulbs,2
driven,2
brisk,2
grooms,2
washing,2
hollywood,2
miranda,2
masculinity,2
horsing,2
sagittarius,2
witty,2
bakersfield,2
fabrics,2
terribly,2
waxed,2
oscar,2
sponsor,2
steaming,2
shakespeare,2
enunciate,2
brides,2
officiating,2
panicking,2
drift,2
orthodox,2
hideandseek,2
conscious,2
hiyah,2
matrimony,2
bathrobe,2
botanist,2
pleasing,2
misleading,2
financially,2
knockedup,2
shampoos,2
shaker,2
mcmahon,2
magnetism,2
settings,2
buick,2
uncles,2
secretkeeper,2
explodes,2
oranges,2
consumer,2
noticeable,2
complaint,2
evidently,2
babyproofing,2
interrupting,2
souvenirs,2
delight,2
jennys,2
topic,2
foothills,2
tibidabo,2
recorded,2
sous,2
caesar,2
network,2
cafe,2
pecan,2
mission,2
documents,2
shredder,2
recommended,2
leatherface,2
supergirl,2
sputnik,2
spud,2
becomes,2
politics,2
temper,2
corps,2
monas,2
prayer,2
pray,2
hopped,2
relinquish,2
distinctly,2
appetite,2
disrupt,2
brenda,2
jury,2
flown,2
confusion,2
untied,2
lafite,2
seventyfour,2
absolute,2
piss,2
tivo,2
slang,2
latour,2
pier,2
spanking,2
stu,2
consequences,2
marching,2
jared,2
wills,2
lance,2
placing,2
thailand,2
eternity,2
tratt,2
region,2
wraps,2
elderly,2
sliver,2
playpen,2
areas,2
unsettling,2
reunion,2
numbnuts,2
forcing,2
bobbys,2
fanny,2
randy,2
evander,2
holyfield,2
experiencing,2
selfrespecting,2
choke,2
childbirth,2
faint,2
steamed,2
substitute,2
unplug,2
balm,2
lightly,2
hamper,2
filth,2
stressed,2
aptitude,2
darwin,2
dayton,2
butch,2
momentary,2
lapse,2
humdinger,2
sequoia,2
essential,2
majors,2
hamm,2
selfconscious,2
thingies,2
hideously,2
rates,2
messy,2
fred,2
furry,2
slipping,2
girlongirl,2
dilating,2
seawater,2
provide,2
anythings,2
sundried,2
jeopardize,2
pâté,2
jalapeño,2
hobbes,2
trots,2
promotion,2
taylor,2
genre,2
miami,2
nelson,2
wildly,2
erotic,2
suing,2
bowwow,2
massapequa,2
thirtyfive,2
expressway,2
enthusiastic,2
sunset,2
spade,2
booger,2
debra,2
endearment,2
romania,2
jenga,2
sidecar,2
publicity,2
particularly,2
alternative,2
fuels,2
aged,2
unborn,2
h,2
impromptu,2
rogue,2
phobia,2
triscuits,2
entitled,2
dummy,2
sierra,2
madre,2
audio,2
bifocals,2
victoria,2
playdoh,2
barbershop,2
bathe,2
spiteful,2
burp,2
factoring,2
revenge,2
criticism,2
bouillabaisse,2
walter,2
introduction,2
béarnaise,2
fashioning,2
companys,2
transition,2
duty,2
ebay,2
snoozing,2
castor,2
epic,2
ambulance,2
repercussions,2
dialect,2
enchilada,2
performing,2
cervix,2
humped,2
error,2
dim,2
overview,2
november,2
widower,2
loudly,2
twentyone,2
buttocks,2
gellergreen,2
sleepdeprived,2
weeping,2
slippers,2
newboobs,2
sodas,2
tricks,2
peek,2
yowza,2
conceiving,2
orgasm,2
pamphlets,2
burping,2
mckenna,2
reflex,2
winetasting,2
jaw,2
wakes,2
relocated,2
jets,2
poopack,2
gagging,2
recurring,2
risks,2
onceinalifetime,2
diagnostician,2
leaver,2
hayley,2
breed,2
cult,2
memorable,2
rabid,2
freelance,2
markers,2
figures,2
claudia,2
trivia,2
terror,2
willpower,2
tinfoil,2
bruise,2
eagle,2
reconsider,2
willy,2
shaved,2
request,2
manipulative,2
sincerely,2
translated,2
waistband,2
liza,2
satisfying,2
funnys,2
madeleines,2
cattle,2
ergo,2
manny,2
limericks,2
righto,2
mice,2
snufflebumps,2
grumpus,2
development,2
sexist,2
elmo,2
ittybitty,2
emus,2
lowered,2
pinzer,2
makeover,2
doubles,2
included,2
rattle,2
headboard,2
novelty,2
resolve,2
writes,2
canceling,2
muskogee,2
float,2
crazed,2
lump,2
dorky,2
grounded,2
noses,2
decorator,2
outofcontrol,2
jo,2
braid,2
jordan,2
sentences,2
indeed,2
impulse,2
decorations,2
wiper,2
cola,2
lemonlime,2
ribbed,2
copying,2
erection,2
industry,2
punched,2
rearranged,2
incidentally,2
superhero,2
ribbons,2
gunthers,2
pompous,2
moses,2
plural,2
mediocre,2
secretarys,2
skippy,2
minds,2
favorites,2
opportunities,2
smiled,2
potluck,2
knuckles,2
tweeze,2
qw,2
flood,2
xray,2
plucking,2
selfloathing,2
rebound,2
affection,2
balconies,2
folded,2
hides,2
sane,2
poops,2
height,2
hump,2
geniuses,2
intern,2
blessed,2
roles,2
horizontal,2
explore,2
vertical,2
mugger,2
traumatic,2
nerds,2
sticker,2
squirmy,2
mindset,2
defended,2
borrowing,2
ls,2
groomie,2
patterns,2
classics,2
specifically,2
divorcer,2
afterward,2
flights,2
childless,2
interests,2
scrunchie,2
congratulate,2
classmates,2
software,2
icing,2
wedged,2
current,2
hyphen,2
mucus,2
undone,2
gordon,2
weston,2
virginia,2
amelia,2
pieeating,2
towing,2
slots,2
helicopters,2
betrayed,2
steffi,2
graf,2
fflends,2
maturity,2
copywriter,2
differ,2
disappointment,2
virginity,2
christian,2
maplecandy,2
costars,2
complimentary,2
toiletries,2
drakes,2
portions,2
earplugs,2
onewoman,2
vote,2
cornell,2
seafood,2
interestingly,2
renyards,2
variegation,2
newcastle,2
wintermeyer,2
pry,2
prizes,2
woolly,2
mammoth,2
shania,2
twain,2
chains,2
shells,2
dean,2
avery,2
madison,2
specimen,2
kiddie,2
ikea,2
sweden,2
monet,2
phonetically,2
highlight,2
allow,2
dental,2
aroused,2
motility,2
receptionist,2
lassie,2
cosmo,2
insemination,2
deadline,2
donors,2
mri,2
fran,2
seminars,2
invisibility,2
pointed,2
toppings,2
britney,2
spears,2
schwartz,2
indoor,2
upsidedown,2
handcuff,2
interrupted,2
dino,2
teapot,2
anna,2
kournikova,2
galaxy,2
damned,2
meddler,2
pharmaceutical,2
pharmacists,2
blushing,2
herbivores,2
carnivores,2
stunted,2
jarvis,2
mouthing,2
catches,2
hah,2
comebacks,2
klarik,2
tied,2
coolest,2
curtains,2
nonchalant,2
rethink,2
headsup,2
liver,2
cornrows,2
recall,2
posing,2
extent,2
carriage,2
compass,2
entertaining,2
softly,2
sprayon,2
joel,2
puerto,2
spraying,2
yonkers,2
ebony,2
lvory,2
powering,2
scent,2
kneed,2
compulsive,2
maxim,2
eighteen,2
ram,2
platter,2
ribs,2
talents,2
performances,2
crew,2
rocked,2
grave,2
creatures,2
oneyear,2
nodding,2
scoreboard,2
impersonal,2
fullsized,2
aortic,2
pumps,2
brockovich,2
cramps,2
orchids,2
holes,2
atkins,2
noballs,2
bidding,2
chameleon,2
christie,2
brinkley,2
benjl,2
sons,2
pinocchio,2
li,2
biely,2
dakota,2
bo,2
comments,2
ichiban,2
reaches,2
recognition,2
playground,2
uneven,2
clothing,2
roaming,2
apologies,2
pageant,2
entering,2
slave,2
supreme,2
pcp,2
forehead,2
wellplayed,2
referred,2
teased,2
sarahs,2
technicality,2
coulis,2
bore,2
crown,2
asian,2
joincidence,2
marshmallows,2
blinds,2
donny,2
virtually,2
bold,2
pacts,2
cafeteria,2
peepees,2
goodbody,2
plug,2
concealed,2
congress,2
turner,2
der,2
kommissars,2
movin,2
funkytown,2
torch,2
bonfire,2
crawford,2
heidi,2
schiffer,2
harpist,2
amused,2
corsages,2
lesser,2
hamilton,2
snowstorm,2
bridges,2
chappys,2
exposed,2
execute,2
wonderfully,2
slowed,2
freshly,2
syllable,2
woken,2
shovely,2
acknowledge,2
campbell,2
gucky,2
campbells,2
hugo,2
buffayhannigan,2
israeli,2
vuitton,2
aquarium,2
hammock,2
israels,2
suburbs,2
solo,2
dining,2
embolism,2
hitlers,2
crapping,2
element,2
persuade,2
genuine,2
zebooker,2
dangle,2
shipped,2
organ,2
rollerskating,2
melrose,2
mascara,2
mechanic,2
silverware,2
stomachaches,2
antacids,2
stomachache,2
cheeseburger,2
shoulders,2
reunited,2
trapp,2
engine,2
feces,2
glued,2
madame,2
coolguy,2
horns,2
brackety,2
whatsoever,2
dough,2
authority,2
floyd,2
episode,2
fluffed,2
chaotic,2
twirly,2
doy,2
lugwins,2
curry,2
harmonica,2
marlon,2
julia,2
welling,2
hairline,2
milners,2
dimon,2
smokes,2
coyotes,2
slimmer,2
lizzy,2
knucklecracking,2
lamb,2
hunger,2
peaceful,2
fica,2
elbows,2
leetch,2
messier,2
blobbies,2
whirring,2
twister,2
operate,2
visacard,2
bonehead,2
campaign,2
painkillers,2
silence,2
lambs,2
monopoly,2
maneuver,2
mercedes,2
agrees,2
freakish,2
detergent,2
cycle,2
delicates,2
nibbling,2
jammies,2
doom,2
freud,2
zany,2
babbles,2
pronounces,2
bullets,2
monogamy,2
greeting,2
ottoman,2
psycho,2
raggedy,2
resentment,2
fulfilled,2
sizes,2
reckless,2
blacked,2
rabbi,2
stutters,2
shushing,2
lalalalala,2
peacock,2
chewing,2
superficial,2
crapweasel,2
casket,2
retainer,2
payroll,2
heel,2
dorothy,2
experiment,2
merriment,2
inflatable,2
aim,2
walkin,2
burnt,2
bethel,2
rescued,2
snowman,2
helpers,2
enthusiasm,2
resting,2
daryl,2
elf,2
balledup,2
rems,2
nasally,2
potential,2
thud,2
euphoria,2
tyler,2
glen,2
jock,2
pajamas,2
motherkisser,2
massager,2
heaving,2
beasts,2
lmmigration,2
sorts,2
uma,2
feminist,2
insects,2
oatmealraisin,2
gesturing,2
stammering,2
ships,2
tat,2
failure,2
nip,2
trib,2
wonderfulness,2
mas,2
chant,2
burnings,2
rolls,2
righteous,2
scooch,2
seek,2
foghorn,2
tedlock,2
costilick,2
estimated,2
curator,2
soothing,2
tones,2
amusebouche,2
vulva,2
cuddled,2
hardball,2
bailed,2
corn,2
dings,2
villagers,2
safer,2
parenting,2
statistics,2
urkel,2
coaching,2
dee,2
recollection,2
narrator,2
nostril,2
personnel,2
jetson,2
tampa,2
squeezed,2
stat,2
admissions,2
affected,2
urs,2
mechanics,2
visa,2
flintstones,2
yayas,2
dealt,2
tokens,2
iris,2
meter,2
caved,2
ante,2
buck,2
blackberry,2
notices,2
inspiration,2
fest,2
guns,2
hugh,2
capuchin,2
partially,2
creature,2
homeroom,2
radiators,2
heating,2
dart,2
salty,2
francisco,2
blower,2
chanel,2
honing,2
hating,2
dds,2
observe,2
amsterdam,2
aggressive,2
popes,2
volkswagen,2
blade,2
stammers,2
embassy,2
blues,2
babes,2
bossman,2
stegosaurus,2
santos,2
petrie,2
additional,2
chunky,2
quartz,2
knick,2
static,2
twinkle,2
med,2
senses,2
haircuts,2
verbs,2
altered,2
macdowell,2
apes,2
worship,2
jew,2
joanne,2
slices,2
triangle,2
evolving,2
opposable,2
clarinet,2
gums,2
brightest,2
belief,2
cultures,2
thirdnipple,2
sparkly,2
academy,2
thomas,2
beforehand,2
midgets,2
sauté,2
newly,2
appointed,2
rolands,2
chaching,2
cucumber,2
hoopla,2
backstage,2
gathering,2
sal,2
sundays,2
lather,2
rinse,2
throne,2
terrys,2
needles,2
heterosexual,2
aminor,2
freckle,2
malibu,2
dire,2
stretchy,2
exfiancés,2
saline,2
dreaming,2
fda,2
approval,2
cons,2
ditzy,2
rachem,2
sleight,2
geese,2
pooh,2
gram,2
burma,2
mindless,2
adolescent,2
portrayal,2
nonfat,2
lori,2
datetype,2
winged,2
atomic,2
dysprosium,2
bitterest,2
adelman,2
unfinished,2
durmer,2
soupy,2
copied,2
subtitles,2
reluctant,2
pursue,2
raisins,2
stamp,2
donan,2
libraries,2
barnyard,2
messenger,2
sabrina,2
auditorium,2
barrymore,2
trainer,2
flicking,2
flashy,2
separated,2
marceau,2
budge,2
wank,2
cub,2
smitten,2
australopithecus,2
habilis,2
ceilings,2
casa,2
muppet,2
blowdrying,2
brilliance,2
serengeti,2
halfbrother,2
remedy,2
penn,2
cambodia,2
smeared,2
doc,2
scripts,2
ballpark,2
oats,2
savage,2
voight,2
goldfish,2
jaunty,2
cachet,2
goddesses,2
hobbit,2
twoline,2
timetable,2
meetings,2
mannequin,2
rabies,2
travis,2
buildings,2
jaguar,2
shield,2
cigar,2
county,2
charlotte,2
nerves,2
playoffs,2
spinning,2
shares,2
chp,2
zxy,2
tablecloth,2
poach,2
honk,2
shannon,2
stadium,2
volleyball,2
caps,2
smoker,2
varnish,2
skins,2
fireworks,2
fleischmans,2
jimmy,2
explained,2
brittany,2
josephs,2
feathers,2
merengue,2
jabba,2
szechuan,2
rushmore,2
mentioning,2
babbling,2
hola,2
milkshake,2
dingus,2
sleepers,2
malcolm,2
flinging,2
flanging,2
piccata,2
suspected,2
ninja,2
dingy,2
melting,2
cinderellie,2
rulers,2
lifeguards,2
showroom,2
pillowtop,2
wethead,2
ye,2
felula,2
sneezers,2
vroom,2
renters,2
sapien,2
barium,2
fortytwo,2
touchdowns,2
netherlands,2
championship,2
shuttle,2
india,2
pursuing,2
alien,2
carpets,2
woohooing,2
veronica,2
cuba,2
pushy,2
tiramisu,2
eavesdropping,2
pogo,2
invoice,2
theatre,2
dense,2
marking,2
paints,2
sissonne,2
playdate,2
grabbing,2
klein,2
roberts,2
jingles,2
lid,2
puddle,2
oversized,2
olives,2
diplomat,2
un,2
translator,2
isaacs,2
spackleback,2
lenny,2
organic,2
rebuild,2
strips,2
painfree,2
fudge,2
hostages,2
sulk,2
wig,2
walker,2
millionaires,2
mississipete,2
adriannes,2
sliced,2
goldman,2
radioactive,2
burial,2
understudy,2
aroma,2
marshall,2
skates,2
burners,2
flimbees,2
tommys,2
doofy,2
pimple,2
abnormality,2
runofthemill,2
burly,2
videophone,2
imagining,2
charcoal,2
saj,2
angered,2
conquered,2
candlelight,2
fishhooking,2
housepainter,2
bonnies,2
smacked,2
bruiser,2
dorf,2
