shadow,6
jellyfish,6
wreck,6
ps,6
whys,6
drunken,6
east,6
lace,6
schools,6
jurassic,6
pardon,6
handles,6
stereo,6
frozen,6
hiring,6
enter,6
painted,6
saves,6
hits,6
freedom,6
photos,6
vomit,6
tasty,6
bagels,6
chute,6
factory,6
member,6
muscles,6
buddies,6
distract,6
sport,6
knees,6
depressing,6
cough,6
wrapping,6
secretly,6
supplies,6
erectus,6
wooden,6
mitzi,6
cinnamon,6
wave,6
survived,6
penny,6
robe,6
baywatch,6
unhappy,6
pieces,6
talent,6
mystery,6
eaten,6
punish,6
honored,6
mumbles,6
sunglasses,6
tension,6
chicago,6
committee,6
useless,6
bagel,6
tomato,6
crossed,6
players,6
reception,6
g,6
literally,6
several,6
cars,6
legal,6
dreidel,6
rhyme,6
cable,6
robots,6
bodies,6
division,6
baked,6
dragon,6
floss,6
similar,6
graduated,6
gravy,6
playstation,6
audience,6
phillips,6
apples,6
categories,6
independent,6
imaginary,6
meanwhile,6
ruining,6
chemistry,6
playboy,6
theories,6
pan,6
carpet,6
buffet,6
vail,6
stinks,6
bust,6
hottest,6
constantly,6
knob,6
liam,6
bloody,6
taxi,6
luggage,6
burger,6
sleeve,6
thoughtful,6
millions,6
l,6
y,6
tada,6
album,6
touches,6
trading,6
eventually,6
knife,6
franks,6
bedrooms,6
bonding,6
creeps,6
italy,6
spilled,6
poetry,6
nuhuh,6
belong,6
wound,6
snoring,6
dishes,6
closure,6
sakes,6
limit,6
chickens,6
solve,6
argue,6
checks,6
map,6
waters,6
wishes,6
powerful,6
lawn,6
interrupt,6
foreign,6
international,6
golden,6
lessons,6
globe,6
cared,6
nurses,6
jello,6
referring,6
fully,6
undo,6
concentrate,6
sonogram,6
pbs,6
personally,6
solved,6
puzzles,6
chasing,6
fought,6
fog,6
whoohoo,6
fogged,6
wrapped,6
phil,6
shutting,6
yum,6
application,6
hearts,6
tend,6
slice,6
pill,6
anyones,6
wednesday,6
moneys,6
hunting,6
lighter,6
fireball,6
visiting,6
puck,6
gossip,6
hornswoggle,6
elizabeths,6
anybodys,6
church,6
misery,6
pro,6
contestants,6
nutter,6
ton,6
comic,6
shoulder,6
fried,6
string,6
strongest,6
godfather,6
principles,6
casual,6
urgent,6
doughnuts,6
smelling,6
meadow,6
vice,6
loss,6
sketch,6
satisfied,6
handshake,6
flame,6
ink,6
competitive,6
sample,6
cds,6
kyle,6
occasion,6
charm,6
countdown,6
cracked,6
erased,6
jumps,6
mesozoic,6
waking,6
permission,6
chin,6
paycheck,6
dumping,6
gel,6
ohio,6
leading,6
ditch,6
alcohol,6
worlds,6
barrel,6
below,6
curtain,6
psyched,6
laughter,6
fights,6
published,6
flow,6
harm,6
alex,6
results,6
babysit,6
shocking,6
necessary,6
poking,6
tonights,6
notes,6
fascinating,6
attitude,6
seating,6
repel,6
vibe,6
continue,6
feminine,6
brains,6
layers,6
sets,6
decides,6
platform,6
apologized,6
printed,6
apron,6
wisdom,6
offensive,6
herbal,6
memorized,6
prime,6
pleasant,6
resources,6
porno,6
dip,6
threesome,6
comics,6
lumps,6
oysters,6
pour,6
valentine,6
ex,6
cuts,6
extremely,6
simply,6
copier,6
tailor,6
marsha,6
phyllis,6
morgan,6
garden,6
scar,6
overwhelming,6
benefit,6
longterm,6
bid,6
coconut,6
solution,6
twist,6
lilies,6
ashamed,6
expression,6
burgundy,6
sailing,6
deaf,6
shaped,6
costumes,6
discount,6
hilda,6
painting,6
worker,6
hums,6
drowning,6
shown,6
response,6
constant,6
loner,6
extras,6
pigeons,6
klunkers,6
appropriate,6
moo,6
package,6
stepdad,6
skull,6
bells,6
turtle,6
frannie,6
ravioli,6
whistle,6
peanuts,6
flattering,6
noisy,6
reset,6
decent,6
attic,6
empire,6
meaningless,6
speakers,6
scottish,6
essence,6
veil,6
receiving,6
chat,6
image,6
intimidating,6
expected,6
maple,6
jake,6
ashley,6
cassie,6
options,6
longest,6
background,6
cheering,6
cotton,6
wwi,6
brolin,6
ed,6
raw,6
signals,6
passing,6
doodie,6
strength,6
crib,6
email,6
intelligent,6
stings,6
husbands,6
rap,6
choking,6
scores,6
yeller,6
navy,6
taffy,6
exgirlfriend,6
wendys,6
restaurants,6
phd,6
boo,6
reads,6
shaft,6
role,6
wango,6
higher,6
jeannie,6
frightening,6
sid,6
slim,6
parent,6
mighty,6
salon,6
particular,6
davids,6
recommendation,6
weekends,6
knowledge,6
veal,6
illegal,6
pleased,6
environment,6
program,6
weather,6
hardware,6
ocean,6
perfection,6
cruel,6
crappy,6
winners,6
onion,6
clams,6
wears,6
paleontologists,6
lingerie,6
margaritas,6
owen,6
ella,6
janices,6
yard,6
stock,6
goggles,6
ron,6
buzzes,6
aruba,6
chuckle,6
vase,6
indistinctly,6
services,6
skiing,6
poke,6
danielle,6
lick,6
claws,6
rossy,6
melt,6
hummus,6
diego,6
jungle,6
franzblau,6
cramp,6
moore,6
bijan,6
judgmental,6
nubbin,6
kiwi,6
stephanie,6
gi,6
becker,6
