you,2717
i,2386
the,1418
to,1189
a,1164
and,920
it,845
that,760
oh,760
what,744
okay,678
no,655
know,637
this,622
im,610
me,602
is,596
my,575
so,571
just,553
of,525
its,518
yeah,490
in,481
do,466
have,446
dont,441
on,432
was,404
with,384
well,382
not,381
we,371
hey,369
for,360
all,357
right,350
like,345
go,334
be,328
but,327
are,326
your,307
youre,305
get,303
thats,296
uh,292
gonna,274
he,268
her,266
about,259
out,256
ha,239
here,237
up,222
got,220
one,218
can,217
at,211
if,210
there,208
she,207
really,207
were,206
come,206
think,204
how,203
look,201
see,191
now,181
him,180
want,171
sorry,171
why,170
did,168
hi,166
good,165
because,161
um,158
mean,158
god,154
hes,148
ross,147
cant,146
then,139
when,136
tell,134
thing,130
would,128
something,127
could,126
ill,124
guys,124
great,121
or,116
say,110
they,110
yes,109
didnt,105
going,105
too,103
wait,103
his,102
from,100
who,100
back,100
little,98
guy,96
time,96
doing,96
joey,93
should,93
whats,92
wanna,92
call,90
an,90
said,90
ive,89
need,88
love,88
two,88
rachel,87
maybe,87
take,87
over,87
never,83
way,82
chandler,79
am,79
had,77
kind,77
make,76
as,76
them,75
big,75
much,75
night,75
lets,75
been,74
still,74
down,74
thank,73
huh,72
by,72
where,72
some,71
honey,70
monica,70
theres,70
off,70
phoebe,70
please,70
work,69
gotta,68
first,68
play,68
again,68
shes,67
us,66
wow,66
ahem,65
very,65
sure,65
more,64
people,62
will,62
let,60
fine,60
anything,59
thought,58
doesnt,58
thanks,57
other,57
actually,57
nice,57
whoa,56
even,55
listen,55
does,55
give,55
stuff,54
last,54
any,53
man,53
put,53
our,52
feel,52
bad,52
talk,52
ooh,51
has,50
new,49
went,49
id,48
mark,48
ever,47
job,46
woman,46
after,46
told,45
which,45
nothing,45
home,44
cool,44
pretty,44
those,44
around,44
heh,43
ugh,43
hello,43
these,42
else,42
friends,42
ow,42
believe,41
together,41
every,41
better,41
always,40
place,40
pick,40
three,39
happy,39
isnt,39
only,39
tonight,38
break,38
guess,37
day,37
happened,37
stop,37
than,37
pheebs,37
help,37
girl,36
away,36
things,36
crazy,36
before,36
into,36
second,36
getting,35
wrong,35
aw,35
stay,34
wont,34
janice,34
left,34
theyre,34
wanted,34
care,34
everybody,34
ah,33
phone,33
talking,33
coffee,33
totally,32
friend,32
having,32
rach,32
best,32
life,32
funny,32
somebody,32
keep,32
whos,31
morning,31
date,31
hard,31
someone,31
ask,31
minute,31
name,31
remember,30
old,30
fun,29
room,29
long,29
mr,29
wasnt,29
anymore,29
pete,29
person,28
called,28
being,28
lot,28
next,28
game,28
excuse,28
bye,27
hate,27
deal,27
says,27
bed,27
hell,27
watch,27
tomorrow,27
stupid,26
each,26
head,26
number,26
thinking,26
wants,26
dinner,26
weird,25
through,25
five,25
dad,25
since,25
find,25
yourself,25
couldnt,25
years,25
part,25
most,24
hold,24
close,24
youll,24
supposed,24
mom,24
done,24
used,24
hmm,24
house,24
probably,24
hear,23
made,23
wouldnt,23
ready,23
took,23
wear,23
check,23
today,23
youve,23
hurt,23
everything,22
matter,22
baby,22
their,22
mon,21
kiss,21
makes,21
sex,21
might,21
uhhuh,21
minutes,21
mind,21
leave,21
sister,21
meet,21
mine,21
youd,21
havent,21
playing,21
such,20
sleep,20
cute,20
problem,20
real,20
trying,20
use,20
came,20
start,20
saw,20
coming,20
another,20
must,20
forget,20
kids,20
car,20
mary,20
hahaha,19
without,19
broke,19
whole,19
anyway,19
fat,19
message,19
yet,19
couple,19
party,19
aah,19
naked,19
gave,19
boyfriend,19
hang,18
looks,18
girlfriend,18
mm,18
show,18
same,18
try,18
sounds,18
easy,18
hows,18
enough,18
joe,18
making,18
myself,18
ben,18
happen,18
run,18
angela,18
quit,17
throw,17
reason,17
mmhm,17
may,17
both,17
times,17
office,17
women,17
telling,17
also,17
late,17
mad,17
drink,17
met,17
news,17
serious,17
girls,17
started,17
comes,17
itll,17
end,17
married,17
sweetie,16
hair,16
idea,16
saying,16
knew,16
definitely,16
important,16
nobody,16
boy,16
walk,16
relationship,16
anybody,16
bing,16
kate,16
slept,15
heres,15
richard,15
looking,15
arent,15
taking,15
father,15
dressed,15
though,15
already,15
hope,15
hand,15
gets,15
weekend,15
seeing,15
perfect,15
christmas,15
shoes,15
hot,15
heard,15
geller,15
buy,15
chance,15
fault,15
open,15
world,15
dead,15
frank,15
fight,15
chick,15
found,14
high,14
school,14
different,14
sit,14
terrible,14
while,14
door,14
change,14
pants,14
read,14
lunch,14
live,14
dance,14
leg,14
song,13
finally,13
money,13
relax,13
eyes,13
bet,13
food,13
course,13
face,13
juice,13
unless,13
own,13
wheres,13
parents,13
feeling,13
bit,13
acting,13
either,13
hat,13
gunther,13
kill,13
cannot,13
hours,13
bang,13
bring,13
boxes,13
box,13
absolutely,13
seen,12
wearing,12
move,12
likes,12
amazing,12
means,12
ones,12
bathroom,12
chair,12
monicas,12
underwear,12
gone,12
sweet,12
goodbye,12
week,12
awkward,12
cup,12
year,12
asked,12
answer,12
knows,12
luck,12
side,12
afraid,12
meant,12
touch,12
eat,12
butt,12
tv,12
understand,12
anyone,12
list,12
favorite,12
many,12
sell,12
uhoh,12
football,12
win,12
punch,12
fire,12
vince,12
boss,11
later,11
byebye,11
ew,11
strong,11
sad,11
smoking,11
once,11
everyone,11
men,11
sitting,11
green,11
days,11
welcome,11
yay,11
dr,11
jam,11
weeks,11
sold,11
question,11
talked,11
order,11
cat,11
walking,11
actor,11
brown,11
audition,11
weve,11
half,11
fear,11
yours,11
glad,11
forgot,11
almost,11
dog,11
idiot,11
line,11
joeys,11
bonnie,11
breaking,10
hasnt,10
age,10
takes,10
city,10
four,10
breezy,10
sisters,10
notice,10
liked,10
duck,10
allowed,10
empty,10
space,10
goes,10
kidding,10
tribbiani,10
shh,10
daddy,10
realize,10
hit,10
bedroom,10
free,10
set,10
cut,10
touchdown,10
fighting,10
asking,10
cookies,10
howd,10
jealous,10
chloe,10
strip,10
vic,10
ultimate,10
somebodys,9
young,9
wish,9
wondering,9
paper,9
count,9
trees,9
working,9
ring,9
smell,9
seems,9
ago,9
machine,9
michelle,9
turn,9
looked,9
exactly,9
dinosaur,9
seven,9
rest,9
broken,9
doctor,9
business,9
apartment,9
sleeping,9
roll,9
yep,9
kid,9
stuck,9
book,9
york,9
running,9
store,9
grow,9
movie,9
plate,9
until,9
fall,9
werent,9
least,9
susan,9
roommate,9
sucks,9
sort,9
ball,9
third,9
king,9
able,9
true,9
die,9
promise,9
horrible,9
hundred,9
shirt,9
write,9
soon,9
ginger,9
finish,8
gold,8
huge,8
moment,8
restaurant,8
worry,8
stripper,8
far,8
point,8
ran,8
picture,8
waiting,8
water,8
museum,8
seat,8
shouldnt,8
fact,8
dress,8
clothes,8
fit,8
rachels,8
miss,8
catch,8
sick,8
seem,8
behind,8
alone,8
whoo,8
works,8
spend,8
moving,8
family,8
bought,8
lives,8
kissing,8
cold,8
picked,8
gift,8
barbie,8
unbelievable,8
shed,8
ice,8
save,8
lose,8
american,8
dumb,8
threw,8
heart,8
none,8
six,8
fashion,8
sometimes,8
beach,8
become,8
feels,8
soap,8
middle,8
window,8
joke,8
lost,8
lights,8
knock,8
alive,8
woohoo,8
stick,8
instead,8
mississippi,8
dutch,8
team,8
dating,8
saturday,8
eight,8
worst,8
poem,8
bald,8
smelly,8
anniversary,8
pizza,8
smoke,8
petes,8
jason,8
stopped,7
yesterday,7
sound,7
eye,7
missing,7
chandlers,7
plan,7
loved,7
arm,7
body,7
living,7
glass,7
post,7
ordered,7
giving,7
figure,7
boys,7
calling,7
borrow,7
cab,7
opposite,7
jerk,7
changed,7
area,7
trip,7
gives,7
hug,7
shoot,7
along,7
crush,7
except,7
quick,7
watching,7
park,7
birthday,7
smart,7
milk,7
estelle,7
scared,7
loves,7
building,7
past,7
bug,7
hungry,7
fast,7
switch,7
thinks,7
forever,7
tongue,7
case,7
hed,7
excited,7
otherwise,7
brought,7
although,7
teaching,7
learn,7
robert,7
dentist,7
ladies,7
huddle,7
small,7
numbers,7
send,7
ass,7
julio,7
lauren,7
shining,7
beth,7
sergei,7
la,7
confident,7
dollhouse,7
sensitive,7
crying,6
tired,6
standing,6
starts,6
laughing,6
pull,6
between,6
worth,6
drinking,6
lovely,6
pee,6
turns,6
star,6
buddy,6
sweetheart,6
tried,6
appreciate,6
shot,6
under,6
worse,6
lucky,6
front,6
black,6
answering,6
messages,6
checking,6
voice,6
starting,6
shower,6
tie,6
company,6
story,6
following,6
hands,6
figured,6
babies,6
itd,6
rule,6
word,6
against,6
agent,6
enjoy,6
doll,6
felt,6
ahead,6
street,6
cream,6
gi,6
biggest,6
sign,6
brother,6
hooker,6
floor,6
excellent,6
beautiful,6
coffeehouse,6
drunk,6
short,6
foot,6
mrs,6
suppose,6
happening,6
pocket,6
mattress,6
evening,6
learned,6
waitress,6
pay,6
mother,6
interested,6
lady,6
special,6
died,6
bump,6
asleep,6
watched,6
loud,6
boobs,6
hospital,6
truth,6
points,6
sweep,6
plus,6
blah,6
hanging,6
fish,6
fair,6
bra,6
town,6
alice,6
becker,6
chicks,6
attracted,6
petty,6
tommy,6
bada,6
poker,6
romantic,5
wrote,5
divorced,5
tiny,5
accept,5
return,5
scene,5
princess,5
leia,5
bikini,5
drove,5
carol,5
sudden,5
till,5
cry,5
ruined,5
wonder,5
comfortable,5
mans,5
hide,5
caller,5
tick,5
neither,5
chicken,5
seconds,5
worked,5
everywhere,5
control,5
giant,5
thatd,5
kept,5
sperm,5
sweater,5
trust,5
pathetic,5
regular,5
swim,5
unit,5
missed,5
speak,5
pad,5
tomatoes,5
act,5
commitment,5
barrel,5
apologize,5
screwed,5
shopping,5
lie,5
caught,5
step,5
healthy,5
plans,5
calm,5
shouldve,5
melt,5
isabella,5
yo,5
fan,5
drinks,5
math,5
marks,5
moved,5
kitchen,5
gay,5
dropped,5
theyve,5
lemonade,5
poor,5
wife,5
percent,5
device,5
played,5
divorce,5
using,5
children,5
boxer,5
tip,5
pulling,5
won,5
nose,5
across,5
teacher,5
bobby,5
bunch,5
few,5
bored,5
push,5
dear,5
focus,5
leaving,5
experience,5
light,5
hike,5
training,5
innocent,5
spot,5
camp,5
bird,5
ate,5
cookie,5
awful,5
ceiling,5
charming,5
field,5
route,5
joanna,5
bachelor,5
feelings,5
reading,5
vase,5
freezer,5
meeting,5
forgive,5
completely,5
millionaire,5
suit,5
trail,5
wax,5
sometime,5
nipple,5
dartmouth,5
nope,4
nights,4
realized,4
sent,4
tickets,4
nuts,4
personal,4
music,4
mistake,4
questions,4
careful,4
janices,4
xerox,4
scare,4
stand,4
spent,4
bastard,4
nervous,4
table,4
double,4
hummus,4
whatever,4
whose,4
words,4
feet,4
bitch,4
conversation,4
outgoing,4
himself,4
needed,4
ursula,4
seriously,4
fights,4
accidentally,4
jar,4
bucks,4
hugging,4
goggles,4
pretend,4
log,4
bank,4
apparently,4
husband,4
truck,4
tunnel,4
thoughts,4
sense,4
favor,4
wouldve,4
invited,4
sophisticated,4
woke,4
moms,4
tea,4
mail,4
league,4
beer,4
remove,4
attractive,4
rossellini,4
country,4
shadow,4
computer,4
ryder,4
touched,4
damn,4
grandmothers,4
noise,4
trouble,4
difference,4
general,4
stopping,4
barry,4
exciting,4
congratulations,4
ten,4
early,4
stood,4
rush,4
combination,4
beers,4
closed,4
keys,4
bunny,4
paid,4
deserve,4
fly,4
invisible,4
evil,4
library,4
lobster,4
boat,4
bike,4
bigshot,4
gotten,4
class,4
chiropractor,4
bottom,4
neck,4
happens,4
legs,4
ugly,4
goodlooking,4
dies,4
aunt,4
teeth,4
pain,4
homo,4
woah,4
genius,4
finished,4
killed,4
poking,4
heads,4
gentlemen,4
accident,4
score,4
winning,4
kick,4
losers,4
margha,4
beat,4
finds,4
insane,4
months,4
theyll,4
tray,4
mugs,4
helping,4
clean,4
rather,4
mint,4
treasures,4
pot,4
paying,4
hitting,4
dude,4
interview,4
tree,4
scrud,4
blew,4
hoping,4
nine,4
card,4
ended,4
expect,4
wed,4
brothers,4
version,4
obvious,4
teach,4
click,4
straight,4
copy,4
jos,4
owe,4
racquetball,4
blank,4
fake,4
stew,4
bite,4
cabin,4
pepper,4
dumped,4
sticky,4
listening,4
nipples,4
atlas,4
customer,4
keeps,4
rules,4
sophie,4
indian,4
swear,4
isaac,4
handle,4
skiing,4
hour,4
besides,4
moss,4
marry,4
sec,4
victor,4
actress,4
passed,4
aha,4
chuck,4
fireman,4
plants,4
champion,4
lily,4
john,3
richards,3
mouse,3
cheer,3
report,3
drain,3
gross,3
annoying,3
uniform,3
outside,3
private,3
island,3
stars,3
warm,3
situation,3
spending,3
civil,3
war,3
girth,3
particular,3
fooling,3
brain,3
bellybutton,3
share,3
chinese,3
competition,3
shop,3
states,3
cider,3
sexy,3
earlier,3
sing,3
quickly,3
touching,3
rub,3
code,3
dialing,3
pass,3
sounded,3
easier,3
cushions,3
essence,3
breathe,3
commando,3
exact,3
towel,3
hated,3
pushing,3
yelled,3
upset,3
yelling,3
jeez,3
ruin,3
interesting,3
period,3
whered,3
fruit,3
docks,3
fell,3
calls,3
twin,3
ways,3
option,3
shell,3
single,3
cuddly,3
cushion,3
pretending,3
drop,3
movies,3
spoon,3
incredibly,3
bigger,3
actual,3
nightvision,3
lips,3
born,3
gig,3
puppy,3
wake,3
sandwich,3
train,3
turkey,3
patch,3
hoyt,3
pool,3
chan,3
familiar,3
director,3
agents,3
annie,3
pen,3
toy,3
son,3
top,3
stare,3
gun,3
buffay,3
fantastic,3
contact,3
drawer,3
someday,3
desperate,3
crap,3
terminal,3
aloof,3
purpose,3
total,3
theyd,3
italian,3
barley,3
lots,3
commercial,3
lately,3
whatd,3
pearls,3
bea,3
decided,3
built,3
power,3
franks,3
celebrities,3
yasmine,3
chris,3
spiderman,3
peter,3
designer,3
tiles,3
elizabeth,3
geography,3
wedgies,3
couch,3
usually,3
massages,3
final,3
laminated,3
winona,3
couldve,3
future,3
smaller,3
freak,3
admit,3
blue,3
dismiss,3
opportunity,3
bumped,3
ironic,3
weight,3
lipstick,3
dull,3
models,3
summer,3
porn,3
fairly,3
neat,3
oboe,3
practice,3
heat,3
tough,3
cover,3
iced,3
turned,3
spill,3
lesbian,3
lover,3
extinct,3
singing,3
boo,3
suddenly,3
queen,3
prices,3
california,3
state,3
operas,3
exhusband,3
drake,3
ramoray,3
opera,3
bell,3
nick,3
rust,3
bothers,3
million,3
receipt,3
bill,3
proud,3
trusted,3
difficult,3
lesson,3
shorter,3
mole,3
boring,3
blouse,3
napkin,3
sapiens,3
brave,3
gum,3
curse,3
stronger,3
poke,3
split,3
whenever,3
showing,3
arms,3
thanksgiving,3
circles,3
teams,3
bowl,3
captains,3
illegal,3
decide,3
snap,3
rough,3
games,3
choose,3
explain,3
suck,3
saved,3
dates,3
losing,3
often,3
join,3
monday,3
birds,3
backhand,3
kitty,3
club,3
tells,3
apartments,3
grandma,3
dollars,3
sarah,3
peephole,3
destiny,3
chipper,3
putting,3
decaf,3
spelled,3
quitting,3
opening,3
swans,3
kaplan,3
upstairs,3
department,3
strange,3
board,3
homina,3
opened,3
presents,3
gina,3
dark,3
bummer,3
prep,3
falling,3
turtles,3
purse,3
magician,3
inside,3
musical,3
joannas,3
lip,3
jazz,3
dancing,3
piece,3
extra,3
gosh,3
surprise,3
de,3
possible,3
supportive,3
burger,3
greatest,3
lingerie,3
shorts,3
squishing,3
blind,3
barely,3
leslie,3
tissue,3
burn,3
mustve,3
barge,3
lecture,3
obviously,3
smile,3
jingle,3
personality,3
smallest,3
involved,3
nubbin,3
kinds,3
ground,3
clearly,3
ranger,3
boutros,3
boutrosghali,3
chef,3
coupons,3
problems,3
infomercial,3
waxine,3
recently,3
jasmine,3
shut,3
dream,3
drive,3
gas,3
wire,3
nicest,3
fix,3
hurts,3
chest,3
hypnosis,3
deeper,3
cigarettes,3
nonetheless,3
adrianne,3
jennifer,3
issues,3
tshirt,3
script,3
drama,3
talented,3
spider,3
onstage,3
ghost,3
kates,3
actors,3
suggestion,3
chickchick,3
stayed,3
involve,3
clogs,3
patience,3
cailin,3
seats,3
screamed,3
rich,3
guru,3
kundus,3
hoshi,3
sir,3
fighter,3
abbott,3
swearing,3
shave,3
collect,3
mangione,3
row,2
possum,2
yanking,2
blinking,2
memory,2
surprised,2
spirit,2
adult,2
navy,2
costume,2
band,2
jabba,2
prisoner,2
szechuan,2
dragon,2
staring,2
parking,2
rushmore,2
drives,2
capital,2
letters,2
painted,2
faces,2
mountain,2
dated,2
knowing,2
mentioning,2
wine,2
moonlight,2
babbling,2
wanting,2
rip,2
ought,2
describe,2
pops,2
mwah,2
bat,2
fired,2
mothers,2
bridge,2
relationships,2
college,2
travel,2
uncle,2
trains,2
differently,2
freaking,2
taste,2
drank,2
tux,2
penny,2
somewhere,2
magic,2
outfit,2
agreed,2
tone,2
pie,2
hola,2
rain,2
thatll,2
fully,2
noticed,2
halloween,2
recognize,2
sheep,2
pillows,2
political,2
donald,2
waist,2
beeped,2
curiosity,2
humiliating,2
vanilla,2
milkshake,2
downstairs,2
speaking,2
freaked,2
cabs,2
pleasure,2
quite,2
fossils,2
jump,2
jumping,2
depressed,2
batch,2
dingus,2
normal,2
witch,2
average,2
student,2
jars,2
mmmm,2
size,2
instance,2
airport,2
baggage,2
claim,2
sleepers,2
tricky,2
malcolm,2
ick,2
restraining,2
stalk,2
weather,2
places,2
nightnight,2
bingaling,2
trick,2
motion,2
loser,2
ideal,2
knicks,2
nyu,2
donated,2
competitive,2
maniac,2
yummy,2
perhaps,2
hung,2
coincidence,2
blond,2
pictured,2
signs,2
wings,2
ahah,2
product,2
cartons,2
flinging,2
flanging,2
kevin,2
official,2
guilt,2
hadnt,2
invite,2
casting,2
unfair,2
talks,2
lead,2
loses,2
ski,2
boob,2
piccata,2
wind,2
emergencies,2
brandnew,2
dresser,2
girlfriends,2
entire,2
hopeless,2
slow,2
needy,2
truly,2
damage,2
bath,2
hero,2
accent,2
helps,2
neighborhood,2
yuhhuh,2
serves,2
chelsea,2
planet,2
blow,2
suspected,2
bag,2
everythings,2
dip,2
pink,2
forest,2
grandmas,2
honesty,2
bleeth,2
cartoon,2
f,2
parker,2
whod,2
divide,2
square,2
ninja,2
larry,2
sale,2
dingy,2
color,2
tile,2
hole,2
whens,2
month,2
hurley,2
eh,2
international,2
melting,2
art,2
connected,2
build,2
cinderellie,2
regulars,2
masseuse,2
massage,2
wild,2
faster,2
doors,2
rulers,2
blocks,2
wet,2
whip,2
famous,2
goofy,2
checkbook,2
mister,2
cash,2
level,2
seemed,2
hers,2
gym,2
eric,2
during,2
weekends,2
bar,2
onion,2
propose,2
showed,2
gotcha,2
afford,2
asks,2
vcr,2
stain,2
land,2
lifeguards,2
known,2
marriage,2
cotton,2
attention,2
grass,2
climb,2
ear,2
cares,2
egg,2
channel,2
kingdom,2
showroom,2
pillowtop,2
cheap,2
wethead,2
nickname,2
learning,2
students,2
named,2
ye,2
felula,2
allergic,2
menu,2
serving,2
sneezers,2
serve,2
trade,2
pair,2
tweezers,2
role,2
medical,2
lived,2
brunch,2
vroom,2
signed,2
brownies,2
selfinvolved,2
dreams,2
canvas,2
argue,2
renters,2
insurance,2
checked,2
cast,2
sees,2
agh,2
mailman,2
bob,2
victim,2
sapien,2
display,2
airplane,2
whee,2
prefer,2
flowers,2
barium,2
promised,2
ho,2
kisses,2
wh,2
understands,2
awfully,2
choked,2
nude,2
offense,2
child,2
shoe,2
thread,2
needle,2
retract,2
resist,2
fool,2
concentric,2
halftime,2
trophy,2
lake,2
lifted,2
wuss,2
trash,2
block,2
rhyme,2
unh,2
statement,2
fortytwo,2
buzzer,2
cheater,2
cheating,2
troll,2
argument,2
ridiculous,2
touchdowns,2
pennsylvania,2
near,2
netherlands,2
captain,2
cook,2
lame,2
zone,2
wins,2
aww,2
holding,2
terry,2
america,2
shrieking,2
championship,2
fulfilling,2
trays,2
closer,2
shuttle,2
india,2
atlantic,2
prize,2
selling,2
dial,2
judgmental,2
santa,2
jesus,2
pursuing,2
sending,2
résumés,2
buyer,2
review,2
letting,2
key,2
midnight,2
large,2
uhuh,2
fulfill,2
batting,2
hired,2
parts,2
alien,2
neighbor,2
carpets,2
yell,2
silly,2
guest,2
pretzel,2
donna,2
afternoon,2
related,2
gee,2
doody,2
dues,2
enjoying,2
hamburger,2
bloomingdales,2
jello,2
passing,2
pure,2
vodka,2
moments,2
breasts,2
dreamy,2
assume,2
woohooing,2
fooled,2
earrings,2
veronica,2
throat,2
hardest,2
letter,2
cuba,2
laundry,2
practically,2
pushy,2
wha,2
offered,2
less,2
meal,2
tiramisu,2
jumped,2
apology,2
eavesdropping,2
pogo,2
anybodys,2
friday,2
albert,2
cities,2
style,2
invoice,2
shipping,2
goofing,2
assistants,2
bras,2
poet,2
theatre,2
stops,2
dense,2
poetry,2
support,2
loving,2
marking,2
desk,2
paints,2
service,2
crisis,2
pas,2
bourrée,2
sissonne,2
slide,2
poems,2
catalog,2
playdate,2
diner,2
gods,2
buttmunch,2
grabbing,2
counter,2
chocolate,2
proved,2
popular,2
lasagna,2
nothings,2
calvin,2
klein,2
ton,2
discovered,2
plenty,2
classic,2
scary,2
kissed,2
burst,2
flame,2
roberts,2
peoples,2
soda,2
amy,2
burned,2
laurie,2
quarter,2
carry,2
sock,2
tuesday,2
cancel,2
honest,2
hallway,2
jack,2
kills,2
ends,2
hotel,2
loose,2
elses,2
hearing,2
exclusive,2
songs,2
partners,2
jingles,2
brutal,2
lid,2
hiding,2
dads,2
puddle,2
toes,2
sheer,2
colors,2
oversized,2
nodded,2
fathers,2
rocks,2
fortyfive,2
freezing,2
professor,2
bone,2
insist,2
wasting,2
litter,2
powers,2
olives,2
diplomat,2
un,2
bodies,2
peace,2
globe,2
english,2
according,2
translator,2
needs,2
isaacs,2
oy,2
subject,2
spackleback,2
picnic,2
atlanta,2
frozen,2
yogurt,2
bringing,2
swimming,2
lenny,2
believes,2
apple,2
vet,2
held,2
behavior,2
nails,2
reach,2
breakup,2
incredible,2
organic,2
rebuild,2
linen,2
strips,2
painfree,2
cruel,2
information,2
phoebes,2
cheat,2
sweaty,2
anchovies,2
comics,2
moisturizer,2
thursday,2
lift,2
round,2
pity,2
fudge,2
stays,2
coat,2
whoever,2
tape,2
hostages,2
january,2
busy,2
sulk,2
backwards,2
magical,2
planned,2
rodeo,2
practicing,2
laugh,2
smoked,2
fiancée,2
knight,2
grab,2
ec,2
wig,2
ruth,2
walker,2
invented,2
pin,2
tax,2
chat,2
storm,2
millionaires,2
cents,2
driving,2
plays,2
pour,2
hats,2
mug,2
pleasant,2
mississipete,2
adriannes,2
character,2
track,2
doctors,2
depressing,2
draw,2
sliced,2
bread,2
wonderful,2
sexual,2
goldman,2
phil,2
sylvia,2
hardly,2
radioactive,2
waste,2
ancient,2
burial,2
dinosaurs,2
dogs,2
understudy,2
schedule,2
shaft,2
rehearsal,2
guests,2
aroma,2
appear,2
theater,2
breathing,2
uncomfortable,2
setting,2
marshall,2
skates,2
believed,2
discovery,2
fourth,2
japan,2
constant,2
intuitive,2
okeydokey,2
claws,2
refrigerator,2
burners,2
sweetest,2
flimbees,2
ticket,2
cologne,2
shaving,2
medicine,2
usher,2
aisle,2
dump,2
fabulous,2
tommys,2
scream,2
doofy,2
fuzzy,2
dick,2
pimple,2
skin,2
abnormality,2
runofthemill,2
burly,2
sissy,2
videophone,2
theme,2
imagining,2
journal,2
charcoal,2
access,2
saj,2
angered,2
conquered,2
physical,2
candlelight,2
sample,2
gynecologist,2
fishhooking,2
aboard,2
slapping,2
concentrate,2
housepainter,2
bonnies,2
smacked,2
opponent,2
expecting,2
sea,2
capable,2
doug,2
superman,2
bruiser,2
maid,2
material,2
karma,2
sand,2
ocean,2
daughter,2
sangria,2
fridge,2
cards,2
boxers,2
margaritas,2
canceled,2
fill,2
dorf,2
winked,1
wink,1
winking,1
tupelo,1
van,1
morrison,1
elton,1
tony,1
danza,1
cigar,1
butts,1
terrace,1
explains,1
squeaky,1
pancakes,1
syrup,1
lawyer,1
grownup,1
dumping,1
drowning,1
cereal,1
blink,1
b,1
fantasytype,1
jedi,1
hutt,1
became,1
pager,1
vibrate,1
meter,1
published,1
skywalker,1
rescue,1
wheel,1
fortune,1
rangers,1
hockeyteers,1
limb,1
r,1
t,1
chemical,1
lockerroom,1
staten,1
ferry,1
intimate,1
bonding,1
sharing,1
muscle,1
plinkyplunky,1
meadow,1
millions,1
sky,1
breeze,1
flowing,1
betting,1
wagering,1
permitted,1
waterfalls,1
trickling,1
fountains,1
calming,1
brook,1
awake,1
birdie,1
leap,1
quality,1
videos,1
galaxy,1
technique,1
stamina,1
sharings,1
supposedly,1
fantasies,1
wars,1
mental,1
images,1
elle,1
macpherson,1
mets,1
survived,1
shea,1
stadium,1
april,1
united,1
garrison,1
fort,1
sumter,1
upon,1
bombardment,1
monicuddle,1
cigars,1
barbara,1
mess,1
graduated,1
grandfather,1
europe,1
sams,1
nickel,1
strafing,1
german,1
troop,1
however,1
jabbas,1
orange,1
halfhour,1
makeups,1
hairs,1
speech,1
donating,1
quiz,1
career,1
spain,1
vein,1
arrive,1
paleontologists,1
calves,1
spooky,1
beep,1
rotten,1
obsessive,1
vacated,1
jacket,1
casual,1
negates,1
daughters,1
gray,1
silk,1
aa,1
milne,1
dillhole,1
bo,1
peep,1
inflatable,1
benefit,1
camping,1
rented,1
fatigues,1
ribbon,1
supporting,1
tail,1
purple,1
strappies,1
match,1
ankles,1
knees,1
earlobes,1
whew,1
woods,1
dialed,1
wore,1
puts,1
optional,1
correspondence,1
accomplish,1
humiliated,1
benefity,1
mood,1
abandoning,1
aroused,1
lunges,1
lunging,1
cared,1
bits,1
floating,1
cheers,1
erased,1
record,1
begin,1
spare,1
sherman,1
whitfield,1
london,1
institute,1
impressed,1
precretaceous,1
confirmed,1
written,1
wholesale,1
socket,1
j,1
crew,1
stalking,1
beepers,1
cellular,1
phones,1
junior,1
guidance,1
counselor,1
employee,1
cow,1
reflex,1
prettier,1
options,1
ehh,1
secret,1
gate,1
cuddle,1
cuddling,1
drift,1
ofjam,1
spray,1
kook,1
passionate,1
teensy,1
carried,1
stalker,1
deursulaized,1
blackberry,1
currant,1
buck,1
tub,1
charge,1
forgetting,1
swimmers,1
penguin,1
rolling,1
freedom,1
tablecloth,1
fluid,1
binoculars,1
madlibs,1
recording,1
movement,1
mustard,1
donor,1
pounds,1
describes,1
male,1
geena,1
davis,1
ache,1
crackers,1
twentyseven,1
italianamerican,1
queens,1
comments,1
study,1
rocket,1
scientist,1
ofour,1
obsessed,1
follow,1
spun,1
spinning,1
hugs,1
rolls,1
spied,1
identical,1
freakish,1
partly,1
pillar,1
ending,1
tall,1
swimmer,1
toilet,1
deck,1
wraps,1
astronaut,1
additional,1
discoveries,1
folks,1
darn,1
mike,1
guarantees,1
milkmaster,1
intrigued,1
carton,1
bunnybump,1
closet,1
counting,1
notepads,1
tragedy,1
appointment,1
caitlin,1
buffays,1
anne,1
leaves,1
burns,1
carries,1
security,1
blanket,1
boots,1
kicky,1
beret,1
raised,1
monster,1
dinosoldier,1
meals,1
alarm,1
distant,1
heights,1
bugs,1
committed,1
amazingly,1
dive,1
peeing,1
returning,1
page,1
scale,1
oop,1
vowel,1
yup,1
couples,1
tripping,1
feared,1
scares,1
pasta,1
advance,1
chased,1
clingy,1
tastes,1
lowcal,1
nondairy,1
soymilk,1
junk,1
cases,1
lowfat,1
critical,1
reaching,1
bubble,1
toughest,1
toyland,1
protects,1
oil,1
interests,1
overseas,1
creepy,1
rejection,1
british,1
picking,1
womans,1
rejections,1
zoo,1
believable,1
human,1
offbroadwayplay,1
brains,1
busted,1
doof,1
unprecedented,1
sleepy,1
grumpy,1
naming,1
dwarves,1
chose,1
sugar,1
joes,1
barbies,1
weenie,1
handbag,1
literally,1
entertainment,1
cubby,1
oneday,1
max,1
snug,1
sergio,1
valente,1
sistery,1
cups,1
david,1
copperfields,1
fox,1
freebie,1
respect,1
kim,1
basinger,1
cindy,1
crawford,1
halle,1
berry,1
jessica,1
rabbit,1
wondered,1
pop,1
odonnell,1
kennedy,1
jr,1
daniel,1
daylewis,1
sting,1
stevenson,1
hardy,1
requires,1
prospective,1
candidates,1
categories,1
geek,1
connect,1
bond,1
advantage,1
electric,1
drill,1
reader,1
heading,1
hardware,1
redo,1
highly,1
doubt,1
hamper,1
inch,1
glued,1
pry,1
gouged,1
surgeons,1
colon,1
february,1
october,1
spots,1
narrowed,1
forgiving,1
sarandon,1
cans,1
odds,1
fumes,1
headache,1
bro,1
karate,1
blows,1
noogies,1
flying,1
atomic,1
waistband,1
varnish,1
retiling,1
spackle,1
lay,1
octopus,1
insisting,1
parlors,1
alrighty,1
choices,1
printed,1
uma,1
thurman,1
pfeiffer,1
dorothy,1
hamill,1
spins,1
fanny,1
cop,1
wiffler,1
dislikes,1
dislike,1
hopping,1
hopped,1
counted,1
heavy,1
lighter,1
halfcaf,1
doubletall,1
easyhazelnut,1
nonfat,1
foam,1
extrahot,1
latte,1
missy,1
alternate,1
cruller,1
popcorn,1
velvet,1
reimburse,1
understanding,1
flattering,1
onceinalifetime,1
draft,1
local,1
betcha,1
chaching,1
lincoln,1
dirty,1
group,1
spends,1
uglies,1
unfortunate,1
sneak,1
levels,1
ferrets,1
plural,1
spitter,1
enjoyed,1
photographer,1
answered,1
notices,1
photography,1
mostly,1
chances,1
peoplebeinggay,1
jerry,1
closing,1
turning,1
referred,1
tables,1
rack,1
shooting,1
olive,1
rum,1
diet,1
coke,1
toast,1
farber,1
dds,1
fling,1
system,1
meaningless,1
titanic,1
girly,1
lamp,1
rewired,1
stereo,1
heckles,1
disturbing,1
phew,1
humidity,1
florida,1
landlord,1
thirsty,1
penis,1
degree,1
dot,1
ink,1
sofa,1
spaghetti,1
sink,1
baywatch,1
stup,1
nicole,1
eggert,1
cooler,1
lock,1
carols,1
mixandmatch,1
dismantle,1
nuclear,1
nurturing,1
uterus,1
balls,1
constructive,1
solution,1
chalk,1
wifes,1
season,1
runs,1
kikl,1
exit,1
carl,1
squint,1
alan,1
alda,1
superhero,1
richie,1
joanie,1
gellers,1
despair,1
fills,1
slash,1
medieval,1
wank,1
mattresses,1
themselves,1
appalled,1
tomorrows,1
empire,1
bicycle,1
refers,1
croissant,1
extension,1
community,1
betraying,1
england,1
whoosh,1
reacting,1
dumdattadum,1
delivery,1
staying,1
y,1
christian,1
bleeding,1
vegetarian,1
ms,1
compulsively,1
available,1
libraries,1
shall,1
persons,1
waiter,1
lobsters,1
antiquey,1
cancer,1
levines,1
added,1
tipped,1
bother,1
bugged,1
carbon,1
messy,1
fingers,1
causes,1
blindness,1
sickness,1
tricks,1
convey,1
basic,1
ivegota,1
fishhookinmyeyebrowandilikeit,1
dismissed,1
trib,1
consider,1
coaching,1
minimall,1
fixable,1
solve,1
separate,1
bagels,1
contest,1
sushi,1
offramp,1
race,1
noticing,1
plastic,1
smeared,1
suggestions,1
supergay,1
valuable,1
med,1
ixtapa,1
alignment,1
inches,1
tilting,1
steals,1
careers,1
screw,1
recent,1
present,1
ashamed,1
advised,1
fellow,1
homosexually,1
auditioned,1
twoyear,1
contract,1
lucci,1
daytime,1
television,1
whom,1
racecar,1
jester,1
beds,1
homebaked,1
tooth,1
dentists,1
hygienists,1
cowboy,1
albino,1
oral,1
hygiene,1
floss,1
poltergeist,1
visit,1
hammock,1
playdoh,1
factory,1
lookout,1
messed,1
rearranged,1
figures,1
science,1
judging,1
benny,1
babe,1
distraction,1
walks,1
rainy,1
bear,1
sewn,1
bloodbath,1
birthdays,1
candy,1
hubbabubba,1
enemas,1
kings,1
enema,1
ensemble,1
rat,1
headboard,1
wide,1
ex,1
bonking,1
incident,1
concept,1
bribery,1
whaling,1
exploded,1
nap,1
windows,1
chopsticks,1
fashioning,1
buying,1
condoms,1
bow,1
bumpyheaded,1
bumps,1
babysitting,1
alphabet,1
e,1
wrecked,1
gary,1
breaks,1
lionel,1
richies,1
soul,1
mate,1
pssh,1
burgundy,1
maneuver,1
fortunately,1
hangs,1
balance,1
steady,1
higher,1
angle,1
approaching,1
charms,1
endless,1
lo,1
marshmallows,1
giants,1
bathrobe,1
peanut,1
clusters,1
goals,1
proudly,1
vi,1
tag,1
grandmaarm,1
elbow,1
spectacularly,1
savage,1
nosebreaking,1
cross,1
tennilles,1
bunnied,1
twohand,1
baste,1
pros,1
fortythree,1
shotgun,1
scores,1
downandout,1
huhh,1
margham,1
mahan,1
amazes,1
downs,1
gettingoverjanice,1
strengths,1
postpattern,1
forth,1
fumble,1
jersey,1
prepare,1
preparing,1
buzzed,1
compulsive,1
eater,1
grown,1
blame,1
mono,1
cheaters,1
swollen,1
glands,1
whys,1
winner,1
nailed,1
twobyfour,1
swam,1
fished,1
huddles,1
catches,1
cha,1
oof,1
tackled,1
tackling,1
rumble,1
pfft,1
exhaling,1
prove,1
trading,1
switching,1
intimidating,1
makebelieve,1
pan,1
tinker,1
chase,1
heidi,1
merriment,1
windmill,1
hook,1
miniwave,1
celebration,1
shallow,1
dork,1
breakthroughs,1
therapy,1
clock,1
ticking,1
hairybacked,1
marys,1
lousy,1
womankind,1
buttonhook,1
pitch,1
downfield,1
thirtytwo,1
thirty,1
timer,1
hurry,1
ahh,1
pole,1
tagged,1
holland,1
amsterdam,1
national,1
sundays,1
stuffing,1
snow,1
snoopy,1
trained,1
holiday,1
macaroons,1
behalf,1
salute,1
solid,1
shielding,1
marine,1
execute,1
ps,1
huah,1
precision,1
shew,1
panache,1
muppet,1
whacked,1
sesame,1
ability,1
retraining,1
prime,1
corpses,1
grotesquely,1
tinsel,1
twinkly,1
lugging,1
delivered,1
waitresses,1
sells,1
daydreaming,1
outer,1
taj,1
mahal,1
slots,1
doable,1
curtains,1
astronauts,1
alley,1
honorary,1
sleepovers,1
press,1
button,1
pressing,1
policeman,1
yikes,1
fulfilled,1
ageist,1
fresh,1
shapes,1
characters,1
rudolph,1
creamfilled,1
jesuses,1
coconutflavored,1
deities,1
coconut,1
hanukkah,1
menoraheos,1
gaining,1
joined,1
rudolphs,1
eating,1
trap,1
spiders,1
officially,1
temporary,1
motivation,1
remind,1
handles,1
twentytwo,1
eighteen,1
boobies,1
cutting,1
seventeen,1
laser,1
floyd,1
planetarium,1
occurred,1
success,1
munchies,1
dorms,1
envelope,1
stuffers,1
stamp,1
lickers,1
font,1
squad,1
cocaptain,1
fortunata,1
fashions,1
plumbing,1
snowinacan,1
decorate,1
looky,1
douglas,1
fir,1
nicer,1
thrown,1
commission,1
further,1
emotional,1
holidays,1
sarahs,1
mirror,1
tallies,1
debbie,1
twentyone,1
charla,1
seventyeight,1
seventyone,1
seventytwo,1
nougat,1
deficiency,1
loaned,1
uss,1
nimitz,1
thousand,1
interviews,1
napkins,1
perked,1
merry,1
kidder,1
bless,1
sr,1
bags,1
filters,1
somehow,1
presenting,1
tuddles,1
mission,1
countdown,1
blast,1
asteroid,1
memorize,1
hearts,1
exist,1
unbelievably,1
lightly,1
apologizing,1
handed,1
length,1
rope,1
noose,1
rockefeller,1
center,1
skating,1
whipping,1
katherine,1
gassy,1
intelligent,1
potential,1
project,1
hangers,1
separated,1
asap,1
demeaning,1
remotely,1
yentl,1
soup,1
james,1
beans,1
howdy,1
myra,1
arthritic,1
seamstress,1
misery,1
amusing,1
mannequin,1
mannequins,1
possibility,1
pickle,1
noisy,1
harder,1
shots,1
hellodeelo,1
apparent,1
stranger,1
swoop,1
nowhere,1
ringing,1
hammered,1
cranberry,1
exgirlfriend,1
speed,1
dialer,1
speedily,1
savor,1
precious,1
phrase,1
exchange,1
showers,1
storage,1
dina,1
red,1
skirt,1
tend,1
overly,1
friendly,1
witnesses,1
groping,1
hells,1
react,1
france,1
whichever,1
sixth,1
spit,1
mussolinis,1
sunday,1
giddy,1
genuinely,1
niece,1
pioneers,1
collar,1
baggy,1
pro,1
surgically,1
senses,1
recipe,1
topnotch,1
squinting,1
softest,1
therese,1
similar,1
receiving,1
soberly,1
buildings,1
interviewed,1
coached,1
buttkicking,1
lifetime,1
consolation,1
cousin,1
botanist,1
botanists,1
geeks,1
purses,1
helped,1
thermos,1
cliché,1
cheeks,1
broadway,1
tale,1
san,1
francisco,1
dickens,1
cliffsnotes,1
abridgment,1
discount,1
twenty,1
greens,1
lazy,1
shipped,1
personnel,1
adiós,1
baudelaire,1
translations,1
epic,1
callback,1
roles,1
background,1
cake,1
modern,1
twyla,1
tharp,1
ballet,1
lies,1
résumé,1
zoom,1
provide,1
grapes,1
señorita,1
sexier,1
meteor,1
crystal,1
chandelier,1
translucent,1
beauty,1
vessel,1
emptier,1
ralph,1
file,1
loyal,1
barbershop,1
quartet,1
territory,1
peed,1
explained,1
becoming,1
confidant,1
complain,1
visits,1
meanwhile,1
joesensitive,1
shelli,1
segal,1
december,1
inappropriate,1
auditions,1
dancers,1
rond,1
jambe,1
steppitystep,1
wrapping,1
books,1
magazine,1
judgment,1
preciosa,1
mack,1
pens,1
bens,1
gymboree,1
meh,1
strippermom,1
certain,1
strippers,1
pretentious,1
finer,1
unpublished,1
oclock,1
cutoff,1
panties,1
dryer,1
static,1
cling,1
classics,1
citizen,1
kane,1
vertigo,1
clockwork,1
orgy,1
grope,1
rollerblade,1
jogs,1
blades,1
swims,1
sorts,1
ofjock,1
celebrating,1
potluck,1
reps,1
safe,1
safer,1
scariest,1
necessary,1
directly,1
eclipse,1
compliment,1
cooking,1
eyeballs,1
squish,1
liking,1
manuscript,1
josephine,1
girlgirl,1
lauries,1
basketball,1
layup,1
foul,1
dainty,1
testy,1
concealed,1
hoped,1
platonomy,1
thisll,1
currently,1
buddies,1
canceling,1
cage,1
stretchy,1
tight,1
danny,1
bathtub,1
blanks,1
blankblank,1
cracked,1
proposes,1
jo,1
marrying,1
boiler,1
explodes,1
destroys,1
nicholson,1
shifts,1
grill,1
smiling,1
complimentary,1
rockclimbing,1
wall,1
rooms,1
walls,1
ceilings,1
tour,1
typical,1
switched,1
vowed,1
mustache,1
thorns,1
cause,1
grace,1
rhyming,1
guitar,1
styles,1
beside,1
lookforthehiddenmeaning,1
vlad,1
whether,1
several,1
abandoned,1
mightve,1
homestar,1
betray,1
unyielding,1
penetrate,1
icy,1
exterior,1
daredevil,1
coats,1
delicacy,1
gingeer,1
cooked,1
poisoning,1
dying,1
artificial,1
mens,1
freeze,1
bionic,1
monger,1
beeps,1
saddest,1
heel,1
holes,1
feets,1
pals,1
chickie,1
stepped,1
icky,1
avoid,1
pile,1
beginning,1
layering,1
fabrics,1
feeding,1
kittylitter,1
campaign,1
jinglehead,1
mixup,1
bracelets,1
oversizing,1
accessories,1
milks,1
halfandhalf,1
stole,1
greatness,1
package,1
legburning,1
snoring,1
strappybacked,1
dresses,1
auditorium,1
pitstains,1
gazillion,1
pitain,1
jurassic,1
parka,1
outofcontrol,1
jackets,1
slipping,1
clearer,1
thirdnipple,1
qualifies,1
remembered,1
ad,1
agency,1
catpoopy,1
odor,1
lifes,1
lessons,1
hopefully,1
whore,1
nubbinectomy,1
source,1
due,1
nobel,1
rubbing,1
g,1
dashing,1
pencil,1
sharpener,1
copied,1
gawk,1
copying,1
deejaying,1
philly,1
rock,1
germans,1
extent,1
knowledge,1
doodle,1
ladybug,1
fancy,1
disaster,1
translators,1
harry,1
fourthirty,1
vividly,1
presented,1
itself,1
flip,1
tails,1
purchase,1
riviera,1
variety,1
sizes,1
supervisor,1
makeup,1
couscous,1
approved,1
robinson,1
zerothreeeight,1
shemp,1
deadline,1
threehole,1
stressed,1
basket,1
advances,1
collating,1
blown,1
condom,1
french,1
café,1
maurice,1
fascinated,1
talky,1
golden,1
sun,1
mischas,1
breath,1
whatll,1
myth,1
treats,1
helpful,1
halfaworld,1
languages,1
choke,1
accepted,1
resigned,1
accompany,1
rainbow,1
diplomatic,1
sleight,1
twist,1
fate,1
language,1
previously,1
rushing,1
mopping,1
banana,1
fabutech,1
judge,1
mop,1
legwaxing,1
substances,1
address,1
totalhonesty,1
benefits,1
timings,1
deathbeds,1
applying,1
grasp,1
tab,1
painful,1
painzine,1
nerves,1
deadened,1
mention,1
monogamy,1
agreeing,1
waxing,1
kicked,1
treated,1
nicely,1
lower,1
threshold,1
mature,1
whe,1
compared,1
disgusted,1
jeopardizing,1
technicality,1
convinced,1
rehak,1
writhing,1
devastated,1
chop,1
sauce,1
takenotice,1
m,1
bailed,1
nor,1
bail,1
throwing,1
imagine,1
picturing,1
quiet,1
forgiven,1
unreasonable,1
pharmaceutical,1
drug,1
kidnap,1
cub,1
scouts,1
dreamed,1
road,1
skedaddle,1
highness,1
hometheater,1
dealy,1
recorded,1
showtimes,1
heels,1
aside,1
chewing,1
naptime,1
hymn,1
sparrow,1
humor,1
defense,1
mechanism,1
laserdisc,1
marathon,1
tournament,1
dart,1
darts,1
offer,1
tinted,1
beam,1
unscheduled,1
brace,1
pees,1
public,1
restrooms,1
tushy,1
everybodys,1
lighters,1
tailpipes,1
hanger,1
jimmy,1
underwire,1
expensive,1
nonbreasts,1
deceptively,1
compromise,1
littered,1
generous,1
episode,1
mas,1
h,1
mexico,1
susans,1
candles,1
champagne,1
anniversaries,1
lasts,1
triple,1
freemont,1
westmont,1
westberg,1
goingforhelp,1
smokey,1
halfway,1
highway,1
collapsed,1
lung,1
capacity,1
unsettling,1
pleased,1
sevenoneseven,1
pickles,1
whispering,1
tampons,1
stock,1
tow,1
safely,1
punish,1
pleh,1
helicopters,1
air,1
dufus,1
saving,1
stepping,1
mosey,1
interstate,1
skier,1
skills,1
valid,1
agrees,1
understood,1
unsupported,1
shelley,1
winters,1
poseidon,1
adventure,1
battery,1
skimp,1
exercise,1
drag,1
suckle,1
smoky,1
teat,1
beyond,1
hypnotized,1
hypnotize,1
wipe,1
heather,1
bathe,1
sweat,1
cinnamon,1
locked,1
receiver,1
vandalism,1
immature,1
knights,1
eligible,1
cheesecake,1
covered,1
topic,1
plain,1
aint,1
disarray,1
flung,1
nightstand,1
sticks,1
elbows,1
diapers,1
economics,1
nudes,1
dumbass,1
texas,1
busload,1
chap,1
tapes,1
stunning,1
adorable,1
clinton,1
uses,1
program,1
offensive,1
dig,1
bearer,1
emergency,1
mustardtastrophe,1
salt,1
add,1
lace,1
stylish,1
romania,1
loon,1
encourage,1
grand,1
smelled,1
curl,1
older,1
arrested,1
stealing,1
puncturedlung,1
deep,1
breaths,1
porch,1
buys,1
inviting,1
flight,1
lira,1
someones,1
selfish,1
mmm,1
cheese,1
hundreds,1
within,1
recognition,1
standard,1
wash,1
doritos,1
snooty,1
playthings,1
separately,1
lifesized,1
imperial,1
troopers,1
sharper,1
image,1
mommy,1
baddy,1
gloria,1
estefan,1
eventually,1
rhythm,1
retarded,1
cousins,1
miller,1
banberrys,1
brilliantly,1
incisive,1
deconstructing,1
psyche,1
voted,1
datable,1
neurosurgeon,1
teen,1
milkcartonspout,1
believing,1
guilty,1
fog,1
realizes,1
lovable,1
cds,1
favors,1
spite,1
worn,1
zillionaire,1
dakota,1
chicago,1
zip,1
somethings,1
tasty,1
history,1
peel,1
blowdry,1
gel,1
cowlicky,1
peepeye,1
bullets,1
guns,1
slower,1
inventor,1
rests,1
happily,1
grave,1
surprisingly,1
subletting,1
reasons,1
shmair,1
penicillin,1
st,1
century,1
major,1
steps,1
toward,1
leading,1
revolution,1
nurses,1
midget,1
jon,1
bon,1
jovi,1
stupidly,1
yale,1
macbeth,1
focused,1
yard,1
pigtails,1
scenarios,1
improvement,1
silverman,1
shampoo,1
yellowbellied,1
lilylivered,1
ripping,1
shaken,1
death,1
cranky,1
dolls,1
younger,1
grandmother,1
womens,1
versace,1
gaelic,1
thy,1
turkeys,1
wallpapers,1
faded,1
hardwood,1
floors,1
heehee,1
roof,1
sneezes,1
attic,1
government,1
phase,1
dug,1
action,1
surreal,1
attack,1
ghosts,1
victorian,1
imagination,1
hovering,1
ruff,1
classes,1
elevator,1
props,1
stairs,1
licorice,1
furniture,1
tootsie,1
rollaway,1
coolest,1
china,1
cabinet,1
crisp,1
dud,1
spoil,1
continue,1
committing,1
brilliant,1
underneath,1
counts,1
paint,1
mugpainting,1
slip,1
wrap,1
stomach,1
undo,1
raw,1
animal,1
lovemaking,1
dreaming,1
compulsion,1
intimidated,1
successful,1
multiple,1
cuts,1
flipped,1
mascaragoop,1
corner,1
pig,1
massager,1
originated,1
giraffes,1
pirate,1
foster,1
puppets,1
forward,1
sophies,1
weak,1
intimacy,1
mascara,1
goop,1
considered,1
laurio,1
cocoa,1
goatee,1
satan,1
priest,1
holy,1
quincys,1
theory,1
panel,1
peru,1
channels,1
film,1
vest,1
bunnies,1
baskets,1
traditional,1
easter,1
gifts,1
unfortunately,1
remains,1
july,1
result,1
improper,1
sturdier,1
crumbled,1
toiletries,1
permanent,1
collection,1
whichevers,1
closest,1
easybake,1
oven,1
easymonicas,1
bakery,1
necklace,1
stu,1
vincent,1
seventh,1
grade,1
health,1
crashed,1
riverboat,1
colonel,1
sanders,1
gin,1
rollerskating,1
topless,1
kicks,1
fowl,1
responsibility,1
especially,1
require,1
worried,1
names,1
ann,1
journalist,1
plane,1
peanuts,1
fictitious,1
agree,1
psychic,1
substantial,1
gallivanting,1
brings,1
aspirin,1
bosss,1
impression,1
rib,1
brush,1
sweeping,1
subtle,1
swore,1
transsexual,1
purchasing,1
sucked,1
minimarshmallow,1
anytime,1
rights,1
exboyfriend,1
yowza,1
lassie,1
shelter,1
animals,1
gigantic,1
stands,1
xray,1
spoiled,1
clicked,1
warranty,1
expires,1
crappy,1
versus,1
doublecheck,1
sewer,1
workers,1
datetype,1
borrowed,1
bottle,1
worm,1
anywhere,1
sleeve,1
speakerphone,1
moron,1
surrounded,1
clue,1
seesaw,1
viciously,1
strangers,1
odd,1
pursued,1
outstanding,1
representation,1
shame,1
boxing,1
lucille,1
lortel,1
uneven,1
performance,1
production,1
millers,1
mannered,1
portrayal,1
laughable,1
direction,1
townend,1
talentless,1
crab,1
cakes,1
critics,1
critic,1
plague,1
houses,1
classy,1
declawing,1
cats,1
newsstand,1
newspapers,1
trashed,1
smartest,1
hurl,1
riboflavin,1
walked,1
sevenfifteen,1
banging,1
hairdo,1
summertime,1
freshly,1
curtain,1
tarp,1
ours,1
hall,1
spilled,1
fella,1
fuzzyman,1
yellow,1
creature,1
disgusting,1
quacking,1
dodo,1
chickadee,1
l,1
museums,1
flights,1
killing,1
spaceship,1
search,1
alternative,1
fuels,1
aged,1
granddaughter,1
toll,1
utah,1
companies,1
utahbased,1
cleansing,1
sneeze,1
visually,1
accessible,1
wrinkly,1
fancier,1
doc,1
definite,1
winter,1
rescued,1
burning,1
ninetyeight,1
saves,1
highest,1
force,1
matches,1
safety,1
unlike,1
juggling,1
sowing,1
oats,1
oatsowing,1
fieldplaying,1
juggler,1
reads,1
benign,1
identify,1
reluctant,1
lopped,1
necessarily,1
cheated,1
mechanic,1
slice,1
dealing,1
sliceitrightoff,1
jansen,1
hamilton,1
jasons,1
stumped,1
den,1
command,1
dimmer,1
ikea,1
watering,1
ficus,1
hiders,1
pictureinpicture,1
hugo,1
lindgrens,1
design,1
wedding,1
invitations,1
littlemoney,1
settings,1
salad,1
dry,1
rome,1
bouquet,1
shared,1
herbal,1
savory,1
brides,1
magazines,1
karan,1
clubbing,1
lying,1
rushed,1
drawings,1
drew,1
watercolors,1
attended,1
finest,1
schools,1
central,1
salve,1
shrink,1
results,1
tool,1
oops,1
intellectual,1
conquer,1
intense,1
banned,1
trainer,1
jeet,1
kune,1
brazilian,1
streetfighting,1
octagon,1
designed,1
blood,1
creeping,1
rut,1
wooded,1
cough,1
missouri,1
someplace,1
crowded,1
skooch,1
skooching,1
tim,1
bowling,1
wound,1
healed,1
oozing,1
tomas,1
longer,1
nada,1
compete,1
thingy,1
wrestling,1
costumes,1
eyegouging,1
fishhook,1
martini,1
chuckles,1
reservations,1
jock,1
players,1
pat,1
congratulate,1
smells,1
smack,1
president,1
height,1
medium,1
iron,1
steel,1
adding,1
operators,1
email,1
dangerous,1
trainers,1
assassin,1
workout,1
boomboom,1
boom,1
fame,1
computek,1
proposal,1
ricocheted,1
smacks,1
combo,1
appearing,1
debut,1
confrontational,1
introducing,1
huntington,1
tank,1
strength,1
chant,1
regrets,1
create,1
overnight,1
garage,1
appointments,1
others,1
ringside,1
affected,1
concentration,1
interviewing,1
iran,1
thieves,1
terrific,1
slap,1
lotion,1
conduct,1
experiment,1
smackfree,1
sports,1
certainly,1
praise,1
verbal,1
tanked,1
dicey,1
tappan,1
zee,1
express,1
occasionally,1
enthusiasm,1
buttocks,1
sentiment,1
posterior,1
guts,1
ants,1
thigh,1
sexually,1
aggressive,1
precaution,1
spine,1
circle,1
terror,1
torn,1
rotator,1
cuff,1
hairline,1
fracture,1
forearm,1
severely,1
bruised,1
adams,1
note,1
painkillers,1
conclusion,1
lines,1
stevens,1
goldberg,1
briefcase,1
charging,1
listing,1
countries,1
writing,1
graduation,1
pal,1
yearbook,1
bff,1
stories,1
montauk,1
spinster,1
laughed,1
established,1
theoretically,1
luggage,1
client,1
messenger,1
taken,1
experiments,1
fashionimpaired,1
ganged,1
formed,1
superhat,1
flood,1
unusual,1
bedrooms,1
baths,1
irwins,1
flingy,1
rainyday,1
law,1
bullies,1
caring,1
bagofoldknittingstuff,1
fonzie,1
thumbs,1
item,1
clothing,1
electromagnetic,1
microscopes,1
prehistoric,1
forensics,1
pinky,1
tuscadero,1
inspiration,1
sponsor,1
arnolds,1
gang,1
peek,1
painting,1
toenails,1
chasing,1
flirting,1
pier,1
namesake,1
claims,1
avoiding,1
entering,1
bones,1
skull,1
headshaving,1
nudge,1
razor,1
bouncing,1
balded,1
oneonone,1
icecube,1
floopy,1
longterm,1
sane,1
